n_features,n_classes,metric,method_a,method_b,n_seeds,mean_a,ci_lo_a,ci_hi_a,mean_b,ci_lo_b,ci_hi_b,mean_diff,p_value,effect_size,p_value_holm_reject,K
8,3,fidelity,ovr_fidelity,fisher_fidelity,20,0.8294431460192151,0.813103358450803,0.8451582706215144,0.8078695526098333,0.7893892896479404,0.8258485790048193,0.021573593409381885,0.00485992431640625,0.6952380952380952,False,
8,4,fidelity,ovr_fidelity,fisher_fidelity,20,0.8192862076668378,0.8080308099787028,0.8305316015313388,0.8025398324590913,0.7847621014701354,0.821119708642236,0.01674637520774644,0.021484375,0.580952380952381,False,
8,5,fidelity,ovr_fidelity,fisher_fidelity,20,0.8141080492034867,0.8012655521939809,0.825891323167892,0.8092878510656775,0.7949658554790316,0.822128798063609,0.0048201981378093225,0.03276824951171875,0.5428571428571428,False,
14,3,fidelity,ovr_fidelity,fisher_fidelity,20,0.8329850869173185,0.8144683251091643,0.8509056142959778,0.8062090458212877,0.7867506670579169,0.8254744475873276,0.026776041096030732,0.012079238891601562,0.6285714285714286,False,
14,4,fidelity,ovr_fidelity,fisher_fidelity,20,0.8166458988071128,0.8083470197964103,0.8252535954057054,0.7940343241366173,0.7826317391057155,0.8058632925827287,0.022611574670495467,6.29425048828125e-05,0.9142857142857143,True,
14,5,fidelity,ovr_fidelity,fisher_fidelity,20,0.8034307667664287,0.7943130085137265,0.8126140594174349,0.7852542982414826,0.7741528664648694,0.7962546422951943,0.018176468524946043,0.0005855560302734375,0.819047619047619,True,
20,3,fidelity,ovr_fidelity,fisher_fidelity,20,0.8334801130060943,0.8134714189990725,0.8530320052508757,0.794811680394118,0.7776091423122271,0.812105360094177,0.03866843261197625,0.001689910888671875,0.7619047619047619,True,
20,4,fidelity,ovr_fidelity,fisher_fidelity,20,0.8215901958741476,0.8112056303997364,0.8342429235438401,0.7975555031134258,0.7874098743447029,0.8073701498570124,0.02403469276072186,0.0019855499267578125,0.7523809523809524,True,
20,5,fidelity,ovr_fidelity,fisher_fidelity,20,0.8152217528027756,0.8062309433970295,0.8253295613705687,0.7976181222530727,0.7920038432373254,0.8038090717822675,0.01760363054970331,0.000133514404296875,0.8857142857142857,True,
8,3,fidelity,ovr_fidelity,contrastive_fidelity,20,0.8294431460192151,0.813103358450803,0.8451582706215144,0.8262580775479978,0.8096967454105507,0.842261996989246,0.003185068471217062,0.00830841064453125,0.6571428571428571,False,
8,4,fidelity,ovr_fidelity,contrastive_fidelity,20,0.8192862076668378,0.8080308099787028,0.8305316015313388,0.8159129952696054,0.8039502583204949,0.8282627882520226,0.00337321239723225,0.058258056640625,0.4857142857142857,False,
8,5,fidelity,ovr_fidelity,contrastive_fidelity,20,0.8141080492034867,0.8012655521939809,0.825891323167892,0.8117642795715388,0.7985471874128396,0.8240675541406899,0.0023437696319479062,0.0758514404296875,0.45714285714285713,False,
14,3,fidelity,ovr_fidelity,contrastive_fidelity,20,0.8329850869173185,0.8144683251091643,0.8509056142959778,0.8290714814738603,0.8095829516889718,0.8475068208045146,0.003913605443458279,0.0072956085205078125,0.6666666666666666,False,
14,4,fidelity,ovr_fidelity,contrastive_fidelity,20,0.8166458988071128,0.8083470197964103,0.8252535954057054,0.8172093895970128,0.808592079023436,0.8260638625095234,-0.0005634907898999508,0.5458755493164062,-0.1619047619047619,False,
14,5,fidelity,ovr_fidelity,contrastive_fidelity,20,0.8034307667664287,0.7943130085137265,0.8126140594174349,0.8044056599289544,0.7953331205502135,0.8132731581905285,-0.0009748931625256918,0.5958194732666016,-0.14285714285714285,False,
20,3,fidelity,ovr_fidelity,contrastive_fidelity,20,0.8334801130060943,0.8134714189990725,0.8530320052508757,0.8297118848075142,0.8095637488909246,0.849433469920002,0.0037682281985801313,0.0001049041748046875,0.8952380952380953,True,
20,4,fidelity,ovr_fidelity,contrastive_fidelity,20,0.8215901958741476,0.8112056303997364,0.8342429235438401,0.8232469567045163,0.8131212147900212,0.8356614140315813,-0.0016567608303686477,0.14290618896484375,-0.38095238095238093,False,
20,5,fidelity,ovr_fidelity,contrastive_fidelity,20,0.8152217528027756,0.8062309433970295,0.8253295613705687,0.8164181911007663,0.807517539542842,0.8264833622540397,-0.0011964382979904819,0.16495704650878906,-0.3619047619047619,False,
8,3,fidelity,fisher_fidelity,contrastive_fidelity,20,0.8078695526098333,0.7893892896479404,0.8258485790048193,0.8262580775479978,0.8096967454105507,0.842261996989246,-0.018388524938164823,0.0072956085205078125,-0.6666666666666666,False,
8,4,fidelity,fisher_fidelity,contrastive_fidelity,20,0.8025398324590913,0.7847621014701354,0.821119708642236,0.8159129952696054,0.8039502583204949,0.8282627882520226,-0.013373162810514188,0.04844093322753906,-0.5047619047619047,False,
8,5,fidelity,fisher_fidelity,contrastive_fidelity,20,0.8092878510656775,0.7949658554790316,0.822128798063609,0.8117642795715388,0.7985471874128396,0.8240675541406899,-0.0024764285058614167,0.2305126190185547,-0.3142857142857143,False,
14,3,fidelity,fisher_fidelity,contrastive_fidelity,20,0.8062090458212877,0.7867506670579169,0.8254744475873276,0.8290714814738603,0.8095829516889718,0.8475068208045146,-0.022862435652572455,0.03623390197753906,-0.5333333333333333,False,
14,4,fidelity,fisher_fidelity,contrastive_fidelity,20,0.7940343241366173,0.7826317391057155,0.8058632925827287,0.8172093895970128,0.808592079023436,0.8260638625095234,-0.023175065460395418,0.000209808349609375,-0.8666666666666667,True,
14,5,fidelity,fisher_fidelity,contrastive_fidelity,20,0.7852542982414826,0.7741528664648694,0.7962546422951943,0.8044056599289544,0.7953331205502135,0.8132731581905285,-0.019151361687471734,0.0007076263427734375,-0.8095238095238095,True,
20,3,fidelity,fisher_fidelity,contrastive_fidelity,20,0.794811680394118,0.7776091423122271,0.812105360094177,0.8297118848075142,0.8095637488909246,0.849433469920002,-0.03490020441339612,0.01068878173828125,-0.638095238095238,False,
20,4,fidelity,fisher_fidelity,contrastive_fidelity,20,0.7975555031134258,0.7874098743447029,0.8073701498570124,0.8232469567045163,0.8131212147900212,0.8356614140315813,-0.025691453591090506,0.0002613067626953125,-0.8571428571428571,True,
20,5,fidelity,fisher_fidelity,contrastive_fidelity,20,0.7976181222530727,0.7920038432373254,0.8038090717822675,0.8164181911007663,0.807517539542842,0.8264833622540397,-0.01880006884769379,6.29425048828125e-05,-0.9142857142857143,True,
8,3,stability_normalized,ovr_stability_normalized,fisher_stability_normalized,20,0.03287088322063362,0.024474767625855362,0.041466650419943046,0.07237710336862338,0.05445018417489382,0.090120762194335,-0.03950622014798977,1.9073486328125e-06,-1.0,True,
8,4,stability_normalized,ovr_stability_normalized,fisher_stability_normalized,20,0.024386262306571694,0.019622271286831767,0.029865889693483243,0.0645920114890465,0.050418065345810274,0.07985785152056303,-0.040205749182474805,1.9073486328125e-06,-1.0,True,
8,5,stability_normalized,ovr_stability_normalized,fisher_stability_normalized,20,0.022697198264801575,0.019191912881092302,0.026436771573787286,0.050981042686652565,0.04441972883924321,0.05801700390318703,-0.028283844421851,1.9073486328125e-06,-1.0,True,
14,3,stability_normalized,ovr_stability_normalized,fisher_stability_normalized,20,0.0641311044888578,0.04398545012969508,0.08687470513017136,0.15309482238714606,0.11735189660555177,0.19255473766338174,-0.08896371789828829,1.9073486328125e-06,-1.0,True,
14,4,stability_normalized,ovr_stability_normalized,fisher_stability_normalized,20,0.050142453999866984,0.04203423886469717,0.05881597564254007,0.13475951350352927,0.11217738170160968,0.16111320239151453,-0.0846170595036623,1.9073486328125e-06,-1.0,True,
14,5,stability_normalized,ovr_stability_normalized,fisher_stability_normalized,20,0.04618682237819838,0.040008785713268956,0.05275265853938111,0.11348451610914823,0.09997477355529408,0.12908688315224412,-0.06729769373094985,1.9073486328125e-06,-1.0,True,
20,3,stability_normalized,ovr_stability_normalized,fisher_stability_normalized,20,0.09800487985178595,0.06929494453352529,0.1326277112665768,0.21762243158652014,0.1685624620122579,0.2777301125496314,-0.11961755173473418,1.9073486328125e-06,-1.0,True,
20,4,stability_normalized,ovr_stability_normalized,fisher_stability_normalized,20,0.0628317615075177,0.053230805472889456,0.07293137885484015,0.16766447158097872,0.13392905582689166,0.2114737183405773,-0.10483271007346102,1.9073486328125e-06,-1.0,True,
20,5,stability_normalized,ovr_stability_normalized,fisher_stability_normalized,20,0.06110475083411421,0.05331750423283059,0.06922953805665967,0.15781102934754346,0.1381520679537532,0.17819530048854504,-0.09670627851342925,1.9073486328125e-06,-1.0,True,
8,3,stability_normalized,ovr_stability_normalized,contrastive_stability_normalized,20,0.03287088322063362,0.024474767625855362,0.041466650419943046,0.03389480735379091,0.025693244844483883,0.04267828752430764,-0.0010239241331572936,0.13272666931152344,-0.3904761904761905,False,
8,4,stability_normalized,ovr_stability_normalized,contrastive_stability_normalized,20,0.024386262306571694,0.019622271286831767,0.029865889693483243,0.028554110334600764,0.023240339241930648,0.03469568968182846,-0.004167848028029069,0.0001049041748046875,-0.8952380952380953,True,
8,5,stability_normalized,ovr_stability_normalized,contrastive_stability_normalized,20,0.022697198264801575,0.019191912881092302,0.026436771573787286,0.026020130013605442,0.0223649418011517,0.02989456094310391,-0.00332293174880387,1.9073486328125e-06,-1.0,True,
14,3,stability_normalized,ovr_stability_normalized,contrastive_stability_normalized,20,0.0641311044888578,0.04398545012969508,0.08687470513017136,0.06218887078188608,0.04240820523918931,0.08466679290912965,0.0019422337069717195,0.20244979858398438,0.3333333333333333,False,
14,4,stability_normalized,ovr_stability_normalized,contrastive_stability_normalized,20,0.050142453999866984,0.04203423886469717,0.05881597564254007,0.05000871081531311,0.04158595762288337,0.05937078288632704,0.00013374318455386218,0.36827659606933594,0.23809523809523808,False,
14,5,stability_normalized,ovr_stability_normalized,contrastive_stability_normalized,20,0.04618682237819838,0.040008785713268956,0.05275265853938111,0.04568274229940177,0.03936746883329404,0.052668988805589644,0.0005040800787966086,0.7011814117431641,0.10476190476190476,False,
20,3,stability_normalized,ovr_stability_normalized,contrastive_stability_normalized,20,0.09800487985178595,0.06929494453352529,0.1326277112665768,0.09631649241068563,0.06819138563361296,0.13051442491638376,0.0016883874411003376,0.3117942810058594,0.26666666666666666,False,
20,4,stability_normalized,ovr_stability_normalized,contrastive_stability_normalized,20,0.0628317615075177,0.053230805472889456,0.07293137885484015,0.06023323528524245,0.05056237980406946,0.07022582848834565,0.002598526222275252,0.0072956085205078125,0.6666666666666666,True,
20,5,stability_normalized,ovr_stability_normalized,contrastive_stability_normalized,20,0.06110475083411421,0.05331750423283059,0.06922953805665967,0.05827620298463123,0.05062447926453917,0.06618021883731108,0.0028285478494829686,0.0023250579833984375,0.7428571428571429,True,
8,3,stability_normalized,fisher_stability_normalized,contrastive_stability_normalized,20,0.07237710336862338,0.05445018417489382,0.090120762194335,0.03389480735379091,0.025693244844483883,0.04267828752430764,0.038482296014832475,1.9073486328125e-06,1.0,True,
8,4,stability_normalized,fisher_stability_normalized,contrastive_stability_normalized,20,0.0645920114890465,0.050418065345810274,0.07985785152056303,0.028554110334600764,0.023240339241930648,0.03469568968182846,0.03603790115444573,1.9073486328125e-06,1.0,True,
8,5,stability_normalized,fisher_stability_normalized,contrastive_stability_normalized,20,0.050981042686652565,0.04441972883924321,0.05801700390318703,0.026020130013605442,0.0223649418011517,0.02989456094310391,0.024960912673047127,1.9073486328125e-06,1.0,True,
14,3,stability_normalized,fisher_stability_normalized,contrastive_stability_normalized,20,0.15309482238714606,0.11735189660555177,0.19255473766338174,0.06218887078188608,0.04240820523918931,0.08466679290912965,0.09090595160525998,1.9073486328125e-06,1.0,True,
14,4,stability_normalized,fisher_stability_normalized,contrastive_stability_normalized,20,0.13475951350352927,0.11217738170160968,0.16111320239151453,0.05000871081531311,0.04158595762288337,0.05937078288632704,0.08475080268821615,1.9073486328125e-06,1.0,True,
14,5,stability_normalized,fisher_stability_normalized,contrastive_stability_normalized,20,0.11348451610914823,0.09997477355529408,0.12908688315224412,0.04568274229940177,0.03936746883329404,0.052668988805589644,0.06780177380974645,1.9073486328125e-06,1.0,True,
20,3,stability_normalized,fisher_stability_normalized,contrastive_stability_normalized,20,0.21762243158652014,0.1685624620122579,0.2777301125496314,0.09631649241068563,0.06819138563361296,0.13051442491638376,0.1213059391758345,1.9073486328125e-06,1.0,True,
20,4,stability_normalized,fisher_stability_normalized,contrastive_stability_normalized,20,0.16766447158097872,0.13392905582689166,0.2114737183405773,0.06023323528524245,0.05056237980406946,0.07022582848834565,0.1074312362957363,1.9073486328125e-06,1.0,True,
20,5,stability_normalized,fisher_stability_normalized,contrastive_stability_normalized,20,0.15781102934754346,0.1381520679537532,0.17819530048854504,0.05827620298463123,0.05062447926453917,0.06618021883731108,0.09953482636291223,1.9073486328125e-06,1.0,True,
8,3,feature_overlap,ovr_feature_overlap,fisher_feature_overlap,20,0.4104166666666666,0.3638715277777777,0.4590277777777777,0.54375,0.48472222222222217,0.6090277777777777,-0.13333333333333336,0.0015029853258446506,-0.8095238095238095,False,2.0
8,3,feature_overlap,ovr_feature_overlap,fisher_feature_overlap,20,0.562202380952381,0.537921626984127,0.5857161458333333,0.6652281746031746,0.6336793154761905,0.6968272569444444,-0.10302579365079363,8.20159912109375e-05,-0.9047619047619048,True,5.0
8,4,feature_overlap,ovr_feature_overlap,fisher_feature_overlap,20,0.31180555555555556,0.2809027777777778,0.34756944444444443,0.36111111111111105,0.32673611111111106,0.4007031249999999,-0.04930555555555553,0.0009416622968818007,-0.8428571428571429,True,2.0
8,4,feature_overlap,ovr_feature_overlap,fisher_feature_overlap,20,0.5458829365079365,0.5233382936507935,0.5690724206349206,0.5494667658730157,0.530368923611111,0.5686309523809523,-0.003583829365079369,0.8227452173339953,-0.05714285714285714,False,5.0
8,5,feature_overlap,ovr_feature_overlap,fisher_feature_overlap,20,0.26708333333333334,0.24854166666666666,0.28541666666666665,0.3088888888888889,0.2760399305555556,0.34291840277777774,-0.041805555555555554,0.0758514404296875,-0.45714285714285713,False,2.0
8,5,feature_overlap,ovr_feature_overlap,fisher_feature_overlap,20,0.5120610119047619,0.49600390624999996,0.5290414806547618,0.538640873015873,0.5232013268849205,0.5557134176587301,-0.026579861111111103,0.03276824951171875,-0.5428571428571428,False,5.0
14,3,feature_overlap,ovr_feature_overlap,fisher_feature_overlap,20,0.45055555555555554,0.4117455357142857,0.4893650793650794,0.5638860544217685,0.5218649376417231,0.606862244897959,-0.11333049886621316,0.0007076263427734375,-0.8095238095238095,True,4.0
14,3,feature_overlap,ovr_feature_overlap,fisher_feature_overlap,20,0.5643480593480594,0.5444929815554814,0.5850859672734672,0.6548413623413623,0.6207156986531985,0.6883264050764051,-0.09049330299330302,0.000209808349609375,-0.8666666666666667,True,8.0
14,4,feature_overlap,ovr_feature_overlap,fisher_feature_overlap,20,0.36537698412698416,0.3397914186507936,0.3908447420634921,0.38392857142857145,0.35288665674603176,0.4173819444444444,-0.018551587301587284,0.47490501403808594,-0.19047619047619047,False,4.0
14,4,feature_overlap,ovr_feature_overlap,fisher_feature_overlap,20,0.5282330169830171,0.509892072048322,0.5449985674048174,0.5410308672808672,0.519140481046731,0.5632363631738632,-0.012797850297850313,0.3117942810058594,-0.26666666666666666,False,8.0
14,5,feature_overlap,ovr_feature_overlap,fisher_feature_overlap,20,0.3234583333333334,0.30455252976190483,0.3449172619047619,0.3276488095238095,0.30970386904761904,0.3440679563492063,-0.0041904761904761655,0.6215133666992188,-0.13333333333333333,False,4.0
14,5,feature_overlap,ovr_feature_overlap,fisher_feature_overlap,20,0.4860135975135975,0.47253767482517484,0.49936118881118874,0.48761334961334957,0.4759748087560587,0.4990308090058089,-0.0015997520997521387,0.9854354858398438,0.009523809523809525,False,8.0
20,3,feature_overlap,ovr_feature_overlap,fisher_feature_overlap,20,0.41803481240981244,0.38865850468975466,0.44951359577922084,0.6418353174603175,0.5800928706709956,0.7061631268037517,-0.22380050505050506,3.62396240234375e-05,-0.9333333333333333,True,6.0
20,3,feature_overlap,ovr_feature_overlap,fisher_feature_overlap,20,0.5796807511803642,0.558872924380616,0.5983871561445092,0.722366892438487,0.6776561840238795,0.7700162021286246,-0.14268614125812268,1.9073486328125e-06,-1.0,True,12.0
20,4,feature_overlap,ovr_feature_overlap,fisher_feature_overlap,20,0.35437094155844157,0.3284421672077923,0.3796407039141414,0.4153183621933622,0.38708327696608946,0.44655852047258293,-0.060947420634920646,0.01923370361328125,-0.5904761904761905,False,6.0
20,4,feature_overlap,ovr_feature_overlap,fisher_feature_overlap,20,0.527075205925825,0.5095442885234389,0.5447091305989332,0.5589810298275856,0.5387819263586001,0.5822695758001244,-0.031905823901760444,0.069580078125,-0.4666666666666667,False,12.0
20,5,feature_overlap,ovr_feature_overlap,fisher_feature_overlap,20,0.32591720779220773,0.30942340367965365,0.3423689664502164,0.3645559163059163,0.34063725423881674,0.38830350378787876,-0.038638708513708486,0.058258056640625,-0.4857142857142857,False,6.0
20,5,feature_overlap,ovr_feature_overlap,fisher_feature_overlap,20,0.5008639053799656,0.49027952607409353,0.5117464809152406,0.5297154360732148,0.5143001519754323,0.5455423787480579,-0.028851530693248972,0.0031528472900390625,-0.7238095238095238,False,12.0
8,3,feature_overlap,ovr_feature_overlap,contrastive_feature_overlap,20,0.4104166666666666,0.3638715277777777,0.4590277777777777,0.39166666666666666,0.3506944444444444,0.4354166666666666,0.01874999999999999,0.6811122490831447,0.10476190476190476,False,2.0
8,3,feature_overlap,ovr_feature_overlap,contrastive_feature_overlap,20,0.562202380952381,0.537921626984127,0.5857161458333333,0.585218253968254,0.5611600942460319,0.6084827628968253,-0.023015873015872997,0.06733069932137338,-0.4666666666666667,False,5.0
8,4,feature_overlap,ovr_feature_overlap,contrastive_feature_overlap,20,0.31180555555555556,0.2809027777777778,0.34756944444444443,0.3386111111111111,0.3122222222222222,0.36722222222222217,-0.026805555555555544,0.04997990729050144,-0.5,False,2.0
8,4,feature_overlap,ovr_feature_overlap,contrastive_feature_overlap,20,0.5458829365079365,0.5233382936507935,0.5690724206349206,0.561200396825397,0.5441020585317461,0.5776992807539684,-0.01531746031746041,0.14290618896484375,-0.38095238095238093,False,5.0
8,5,feature_overlap,ovr_feature_overlap,contrastive_feature_overlap,20,0.26708333333333334,0.24854166666666666,0.28541666666666665,0.3151851851851852,0.2967129629629629,0.3356956018518518,-0.048101851851851854,2.6702880859375e-05,-0.9428571428571428,True,2.0
8,5,feature_overlap,ovr_feature_overlap,contrastive_feature_overlap,20,0.5120610119047619,0.49600390624999996,0.5290414806547618,0.5341484788359787,0.5236044146825395,0.5446432705026454,-0.02208746693121686,0.0004825592041015625,-0.8285714285714286,True,5.0
14,3,feature_overlap,ovr_feature_overlap,contrastive_feature_overlap,20,0.45055555555555554,0.4117455357142857,0.4893650793650794,0.45821428571428574,0.41355158730158736,0.5109930555555556,-0.007658730158730165,0.956329345703125,-0.01904761904761905,False,4.0
14,3,feature_overlap,ovr_feature_overlap,contrastive_feature_overlap,20,0.5643480593480594,0.5444929815554814,0.5850859672734672,0.5814415214415214,0.5590196215821215,0.6043708074333075,-0.017093462093462106,0.14290618896484375,-0.38095238095238093,False,8.0
14,4,feature_overlap,ovr_feature_overlap,contrastive_feature_overlap,20,0.36537698412698416,0.3397914186507936,0.3908447420634921,0.37640476190476185,0.35232142857142856,0.4011906746031746,-0.011027777777777758,0.24548721313476562,-0.3047619047619048,False,4.0
14,4,feature_overlap,ovr_feature_overlap,contrastive_feature_overlap,20,0.5282330169830171,0.509892072048322,0.5449985674048174,0.5344224294224292,0.5213060767935767,0.5481211506086504,-0.006189412439412329,0.5458755493164062,-0.1619047619047619,False,8.0
14,5,feature_overlap,ovr_feature_overlap,contrastive_feature_overlap,20,0.3234583333333334,0.30455252976190483,0.3449172619047619,0.3508902116402116,0.33567718253968254,0.36729391534391526,-0.027431878306878276,0.002712249755859375,-0.7333333333333333,False,4.0
14,5,feature_overlap,ovr_feature_overlap,contrastive_feature_overlap,20,0.4860135975135975,0.47253767482517484,0.49936118881118874,0.5072452115785449,0.4972646268854603,0.5176799959299958,-0.02123161406494747,0.000850677490234375,-0.8,True,8.0
20,3,feature_overlap,ovr_feature_overlap,contrastive_feature_overlap,20,0.41803481240981244,0.38865850468975466,0.44951359577922084,0.4426930014430014,0.41363395111832607,0.4721549422799422,-0.024658189033189032,0.039989471435546875,-0.5238095238095238,False,6.0
20,3,feature_overlap,ovr_feature_overlap,contrastive_feature_overlap,20,0.5796807511803642,0.558872924380616,0.5983871561445092,0.5956460154912168,0.5741974099440721,0.6174671564138475,-0.015965264310852538,0.24548721313476562,-0.3047619047619048,False,12.0
20,4,feature_overlap,ovr_feature_overlap,contrastive_feature_overlap,20,0.35437094155844157,0.3284421672077923,0.3796407039141414,0.3911058802308802,0.36775597041847036,0.4162016594516594,-0.036734938672438676,0.002712249755859375,-0.7333333333333333,False,6.0
20,4,feature_overlap,ovr_feature_overlap,contrastive_feature_overlap,20,0.527075205925825,0.5095442885234389,0.5447091305989332,0.5461703703073673,0.5326106367091371,0.560946570682929,-0.019095164381542063,0.0010166168212890625,-0.7904761904761904,True,12.0
20,5,feature_overlap,ovr_feature_overlap,contrastive_feature_overlap,20,0.32591720779220773,0.30942340367965365,0.3423689664502164,0.35555633718133717,0.34516518308080807,0.3656729196729196,-0.029639129389129347,0.0003223419189453125,-0.8476190476190476,True,6.0
20,5,feature_overlap,ovr_feature_overlap,contrastive_feature_overlap,20,0.5008639053799656,0.49027952607409353,0.5117464809152406,0.5228016594402043,0.5166227054328254,0.5300067882556756,-0.021937754060238592,0.0010166168212890625,-0.7904761904761904,True,12.0
8,3,feature_overlap,fisher_feature_overlap,contrastive_feature_overlap,20,0.54375,0.48472222222222217,0.6090277777777777,0.39166666666666666,0.3506944444444444,0.4354166666666666,0.15208333333333332,0.0008881071074976897,0.8476190476190476,True,2.0
8,3,feature_overlap,fisher_feature_overlap,contrastive_feature_overlap,20,0.6652281746031746,0.6336793154761905,0.6968272569444444,0.585218253968254,0.5611600942460319,0.6084827628968253,0.08000992063492063,0.001689910888671875,0.7619047619047619,False,5.0
8,4,feature_overlap,fisher_feature_overlap,contrastive_feature_overlap,20,0.36111111111111105,0.32673611111111106,0.4007031249999999,0.3386111111111111,0.3122222222222222,0.36722222222222217,0.022499999999999996,0.1402746795029888,0.3761904761904762,False,2.0
8,4,feature_overlap,fisher_feature_overlap,contrastive_feature_overlap,20,0.5494667658730157,0.530368923611111,0.5686309523809523,0.561200396825397,0.5441020585317461,0.5776992807539684,-0.01173363095238104,0.6476554870605469,-0.12380952380952381,False,5.0
8,5,feature_overlap,fisher_feature_overlap,contrastive_feature_overlap,20,0.3088888888888889,0.2760399305555556,0.34291840277777774,0.3151851851851852,0.2967129629629629,0.3356956018518518,-0.0062962962962963,0.4665826857469776,-0.18571428571428572,False,2.0
8,5,feature_overlap,fisher_feature_overlap,contrastive_feature_overlap,20,0.538640873015873,0.5232013268849205,0.5557134176587301,0.5341484788359787,0.5236044146825395,0.5446432705026454,0.004492394179894238,0.49800872802734375,0.18095238095238095,False,5.0
14,3,feature_overlap,fisher_feature_overlap,contrastive_feature_overlap,20,0.5638860544217685,0.5218649376417231,0.606862244897959,0.45821428571428574,0.41355158730158736,0.5109930555555556,0.105671768707483,0.0075960105122107454,0.680952380952381,False,4.0
14,3,feature_overlap,fisher_feature_overlap,contrastive_feature_overlap,20,0.6548413623413623,0.6207156986531985,0.6883264050764051,0.5814415214415214,0.5590196215821215,0.6043708074333075,0.0733998408998409,0.0042209625244140625,0.7047619047619048,False,8.0
14,4,feature_overlap,fisher_feature_overlap,contrastive_feature_overlap,20,0.38392857142857145,0.35288665674603176,0.4173819444444444,0.37640476190476185,0.35232142857142856,0.4011906746031746,0.00752380952380953,0.8983173370361328,0.0380952380952381,False,4.0
14,4,feature_overlap,fisher_feature_overlap,contrastive_feature_overlap,20,0.5410308672808672,0.519140481046731,0.5632363631738632,0.5344224294224292,0.5213060767935767,0.5481211506086504,0.006608437858437985,0.7011814117431641,0.10476190476190476,False,8.0
14,5,feature_overlap,fisher_feature_overlap,contrastive_feature_overlap,20,0.3276488095238095,0.30970386904761904,0.3440679563492063,0.3508902116402116,0.33567718253968254,0.36729391534391526,-0.023241402116402115,0.15364646911621094,-0.37142857142857144,False,4.0
14,5,feature_overlap,fisher_feature_overlap,contrastive_feature_overlap,20,0.48761334961334957,0.4759748087560587,0.4990308090058089,0.5072452115785449,0.4972646268854603,0.5176799959299958,-0.019631861965195334,0.04405403137207031,-0.5142857142857142,False,8.0
20,3,feature_overlap,fisher_feature_overlap,contrastive_feature_overlap,20,0.6418353174603175,0.5800928706709956,0.7061631268037517,0.4426930014430014,0.41363395111832607,0.4721549422799422,0.19914231601731602,0.0001049041748046875,0.8952380952380953,True,6.0
20,3,feature_overlap,fisher_feature_overlap,contrastive_feature_overlap,20,0.722366892438487,0.6776561840238795,0.7700162021286246,0.5956460154912168,0.5741974099440721,0.6174671564138475,0.12672087694727013,0.000133514404296875,0.8857142857142857,True,12.0
20,4,feature_overlap,fisher_feature_overlap,contrastive_feature_overlap,20,0.4153183621933622,0.38708327696608946,0.44655852047258293,0.3911058802308802,0.36775597041847036,0.4162016594516594,0.024212481962481963,0.34881019592285156,0.24761904761904763,False,6.0
20,4,feature_overlap,fisher_feature_overlap,contrastive_feature_overlap,20,0.5589810298275856,0.5387819263586001,0.5822695758001244,0.5461703703073673,0.5326106367091371,0.560946570682929,0.012810659520218379,0.5216732025146484,0.17142857142857143,False,12.0
20,5,feature_overlap,fisher_feature_overlap,contrastive_feature_overlap,20,0.3645559163059163,0.34063725423881674,0.38830350378787876,0.35555633718133717,0.34516518308080807,0.3656729196729196,0.008999579124579143,0.6215133666992188,0.13333333333333333,False,6.0
20,5,feature_overlap,fisher_feature_overlap,contrastive_feature_overlap,20,0.5297154360732148,0.5143001519754323,0.5455423787480579,0.5228016594402043,0.5166227054328254,0.5300067882556756,0.006913776633010379,0.47490501403808594,0.19047619047619047,False,12.0
