n_features,n_classes,frac_extreme,extreme_ovr,extreme_fisher,extreme_contrastive,moderate_ovr,moderate_fisher,moderate_contrastive,seed
8,3,0.08372242744201443,0.9482662073171353,0.9335167153056205,0.9521076055198909,0.772749413248517,0.7584066466210622,0.773050682407693,0
8,3,0.17448563711584317,0.9885099951865215,0.9871796366253419,0.9903297846002144,0.8253760910718144,0.8596059455320875,0.8225321199968408,1
8,3,0.13761196516584473,0.9757894115065939,0.9577187200099865,0.9707440506735955,0.7828989823958101,0.7860160285567968,0.77969462866632,2
8,3,0.06313733664941604,0.9931774758086687,0.9365882473106124,0.9931774758086687,0.7766350823271515,0.7534263922457153,0.7744372041791674,3
8,3,0.0955747100944654,0.8447134983005331,0.8231460233313717,0.8735347783132366,0.7160175753491529,0.7180739075486418,0.7023773355367833,4
8,3,0.1761553658789611,0.960698838966138,0.9446758920491536,0.9680002138761516,0.7597212325165699,0.7395919673760019,0.7520364828155885,5
8,3,0.18086968485732163,0.9786416724641692,0.950237816839639,0.973875858575096,0.8001440488796452,0.7766495892959222,0.7912241635915798,6
8,3,0.2113942115549202,0.9640232069942989,0.9531841818293352,0.9665911262195463,0.8140161223234665,0.7183938343930225,0.7962164575849004,7
8,3,0.22422511989755245,0.9884611139223242,0.823106602677651,0.9878041719767058,0.9114623552534113,0.7145544089654321,0.8943463506226299,8
8,3,0.30134449809425595,0.9941918548457688,0.9746958151567757,0.9941918548457688,0.8320481993042668,0.7894929490520184,0.8401352700636844,9
8,3,0.1276488415701655,0.9189564061363529,0.7523419156588522,0.9517896606645821,0.7441295678565751,0.6844427926042282,0.7280495528963671,10
8,3,0.2574518745475372,0.9938640138107226,0.9592207963385682,0.996834329610866,0.8992972461444069,0.7947924100229189,0.8817151229656941,11
8,3,0.09788712737819463,0.9241266715708838,0.8974009326023955,0.9241266715708838,0.7327968436932997,0.695729717382483,0.7185285606769302,12
8,3,0.15472729144876107,1.0,0.9988001432868558,1.0,0.8137375523831589,0.8231229286899755,0.7987823866100823,13
8,3,0.1906201062310997,0.9790669325882954,0.940571531569721,0.975935339123144,0.845654549368813,0.7744155512052302,0.8383605601466371,14
8,3,0.08289581366180981,0.8735924994376884,0.8674060667658166,0.8735924994376884,0.7735567778658133,0.7975486619885384,0.7683239135198591,15
8,3,0.17075750480885604,0.9562633214059675,0.9039213242094118,0.9597614174660605,0.7662717864716485,0.7803162058284232,0.7555175579602763,16
8,3,0.14629085365475863,0.8455014079370984,0.8424399510811958,0.8477543525924915,0.7630744641268765,0.7780363279893309,0.7619926572884143,17
8,3,0.2018732271281942,0.8952970227911929,0.8145417533782173,0.9014527594249124,0.782688967585484,0.7528650984108998,0.7767594258058232,18
8,3,0.22543033149974698,0.9375805836442546,0.9364738129509083,0.9484716667385282,0.7679168599518424,0.7877124962258608,0.7720548963073333,19
8,4,0.23619400119513909,0.9642419366597914,0.9401989083086606,0.9620111051644562,0.7476546408134728,0.7432553368769598,0.7476920411446186,0
8,4,0.2310967851044362,0.9506802627012896,0.9453965098940076,0.9492692046397839,0.7510947734974996,0.7601699228438644,0.7419398277692469,1
8,4,0.2157847225751491,0.9272760665389135,0.8593001836944862,0.9315809655840364,0.7365187440904071,0.6921555642620485,0.7152897350618134,2
8,4,0.3238990791821091,0.9311477155241592,0.899834795617222,0.9471532454425273,0.7870187039447474,0.7754539974437501,0.7791116014654099,3
8,4,0.34857132984808564,0.9211683710732954,0.8868553640374568,0.9178590375562977,0.7951468285556457,0.8065180120801935,0.7942160909252947,4
8,4,0.28080552394473335,0.9193007428509143,0.8650677365403837,0.9263519865085841,0.7586608477516156,0.76837736795247,0.7424291902991074,5
8,4,0.2852346741536499,0.9415662813294237,0.9150459684798425,0.9371871529114493,0.7575525504772361,0.7609459566835419,0.7467448717330337,6
8,4,0.39502193037411654,0.9040938272139427,0.8609024549555158,0.9025447958603989,0.7531495282970856,0.7675054735266703,0.7458646346848401,7
8,4,0.3253552604997505,0.9225810769647178,0.8952150453861465,0.9282261650800135,0.7872059747038216,0.7771398938602884,0.784293577160892,8
8,4,0.32576048927678997,0.8874126395230206,0.8815671490948841,0.9053277280385652,0.7552435194109541,0.7834511547218164,0.7516556410309994,9
8,4,0.20999068975831875,0.9290863502798913,0.9248283020258183,0.9384456322024488,0.7599798739576228,0.785779960441668,0.7605916095500719,10
8,4,0.2758114356421662,0.9185472910469606,0.9052107824582941,0.921372480204181,0.7404445005191299,0.7514644268625461,0.7298169498798699,11
8,4,0.2197107576720249,0.8289746948579289,0.8407709527074813,0.8656575187975368,0.735530429908499,0.771132211073768,0.7414216352616558,12
8,4,0.36020790070650827,0.7500829176654745,0.7180512949342004,0.7822671704181322,0.7085794451106306,0.7335364373807921,0.703875570034682,13
8,4,0.25647077866864043,0.9212564059649293,0.8765544871205058,0.9250523408146756,0.7485228266377709,0.7491177548143587,0.7544859604845842,14
8,4,0.2595274301982341,0.9577094577081591,0.95225357881627,0.9604192408478794,0.79931081758063,0.819950926581182,0.7905914891212028,15
8,4,0.28822794711696625,0.9290282402145194,0.8938401061731928,0.9569792914943172,0.7713329492389547,0.7528106529853082,0.7636243411146078,16
8,4,0.2648796578574574,0.8838982504382356,0.8527199324041861,0.8919097745648155,0.751040966055208,0.6983483675929059,0.7456314166223589,17
8,4,0.2316212310789131,0.9532808292065273,0.9305867171257218,0.9609550252384289,0.7832907138011932,0.7612983176926438,0.7944047829945664,18
8,4,0.3578532405734798,0.941858940511273,0.8923334099103206,0.9435087102211478,0.7596581517308545,0.7215781048410498,0.7418867823143219,19
8,5,0.45673059648288095,0.8728125417955745,0.8255380247585238,0.8881565763956318,0.7244592402018586,0.7386109651892323,0.7151738595579117,0
8,5,0.3611391908129615,0.8596329209086404,0.7938065964180874,0.8649888665759011,0.7100899662510425,0.7058135454302564,0.6875595361588729,1
8,5,0.47052031705782354,0.8875784617482472,0.8769785340626166,0.9045574561202199,0.7295122352992263,0.7305127707408554,0.7265938315668984,2
8,5,0.3653376632912265,0.8878948110770312,0.8801226326488036,0.8972704949395405,0.7634783153470011,0.7556634825601221,0.7477023221989834,3
8,5,0.4334217777281407,0.8540356788270962,0.8345857578359681,0.8577265355510306,0.7358504098028037,0.7459590935492438,0.743229707686484,4
8,5,0.3543223507431954,0.9155596561470942,0.9073006381988105,0.9293935488672505,0.748484641048105,0.7428986124506862,0.7332213958486213,5
8,5,0.40899124481621024,0.8663166366538222,0.8546008889130495,0.8688358587872788,0.7604409502300636,0.7819870585930537,0.7664621367885558,6
8,5,0.5059746532198909,0.8708321702562563,0.8319228224111483,0.8832511162399963,0.7301767154188413,0.7268671855848803,0.7337091265303204,7
8,5,0.37396287445534204,0.8447584012386476,0.8277310097240879,0.8697196679501855,0.773520127688937,0.7826358789666799,0.7743851511275099,8
8,5,0.3063421876189792,0.8620565518163326,0.8335559117507003,0.875208395954716,0.7240193833575823,0.7494296737988324,0.7141615410478034,9
8,5,0.4800120219643104,0.8899446496499039,0.8727586276030502,0.9082177125042518,0.748495984055084,0.761459151488395,0.7382192223708612,10
8,5,0.35291874394485534,0.8966702564592378,0.8645046929570763,0.8970184818465758,0.7549447796699483,0.7561509142504712,0.7523278895674002,11
8,5,0.3697727711537835,0.8617997453488392,0.8432598779440057,0.8762365116318567,0.7463687171819484,0.7612504233450452,0.7514118861582845,12
8,5,0.4503971777485771,0.9173463848777502,0.9284945792215326,0.9161054563177768,0.8065846538619326,0.8245602999468956,0.7859812413991478,13
8,5,0.34641219397401557,0.915157344905031,0.887417536204031,0.9280617488564484,0.7374869690387449,0.7572709474616439,0.7248150331602434,14
8,5,0.300843549330159,0.9123461906425618,0.8937491194307603,0.909567630929021,0.7793794045062832,0.7775934776806992,0.7790864786951047,15
8,5,0.4640782329710176,0.8912630214657868,0.8829909329863281,0.9061291276412693,0.7396948882345006,0.7271032819578545,0.7315421724162526,16
8,5,0.4922190636295404,0.8884816927356943,0.8695752197893412,0.8957663159112843,0.7382226588414091,0.7388573036053253,0.745475716949655,17
8,5,0.45654097712421704,0.8990725815555045,0.8881363302498836,0.9083617747295059,0.7498373113808999,0.7609293302917459,0.7368673295474307,18
8,5,0.4102846331008918,0.9010420821670466,0.88490469786764,0.9067509458093044,0.756246694870983,0.7598685354255722,0.7508564144512083,19
14,3,0.035348751881322735,0.9421997440121657,0.8805574145882471,0.9445773834555435,0.7838121582216113,0.7469365507056425,0.7805369018376647,0
14,3,0.12021455764515751,0.9876888247711251,0.9833642246340701,0.9876888247711251,0.8322547572657351,0.8324538365222411,0.8317174771318543,1
14,3,0.09839937632901327,0.850242268846335,0.8358684764257918,0.864162251659375,0.7280347300942118,0.7358505198766354,0.7425100668375626,2
14,3,0.05971240299162698,0.9756250167686601,0.9231176654578803,0.9756250167686601,0.9018388431398606,0.792858469553172,0.8984056985977829,3
14,3,0.08183999155445179,0.9916709199236039,0.9550778408551216,0.9966063729630436,0.8448154967765593,0.7760825421159923,0.841797403732228,4
14,3,0.05687993099129049,1.0,0.9470867497001993,1.0,0.8392796797097373,0.8324317697256415,0.83307928031717,5
14,3,0.06710999008930954,1.0,0.9931100543674565,1.0,0.8338387683845825,0.8402376119528406,0.8352916782690862,6
14,3,0.07797433061112506,0.995093562379791,0.9838905248134533,0.995093562379791,0.8840676729813703,0.8454616428376678,0.8796626719330973,7
14,3,0.1260856424801716,0.996519805431541,0.9910860093582583,0.9967229877424012,0.8516102359345761,0.844144470505284,0.8440635749843237,8
14,3,0.1088041785322543,0.9840866557916916,0.985581879939142,0.9873246198745559,0.8007158220134251,0.8077652305233696,0.8029581534247221,9
14,3,0.06277405768325359,0.9726650588456256,0.8705553824126067,0.970726438117124,0.8912411395432259,0.7590373181025379,0.8866030577094902,10
14,3,0.02263014012479713,0.9123107872525509,0.867929415162569,0.9123107872525509,0.7964755269127977,0.7696357504322424,0.7952108126839169,11
14,3,0.011380459294048401,0.952887773111658,0.871136129788864,0.952887773111658,0.7999259199983333,0.7172270494312663,0.803134211151811,12
14,3,0.01465505546169661,1.0,0.862348177553,1.0,0.7816975318733346,0.7464955103818928,0.7779412416537363,13
14,3,0.024713453267817057,1.0,0.9568496597047748,1.0,0.8286449653342585,0.8181112437661439,0.8250752441040362,14
14,3,0.05666726860376968,0.998554909220856,0.998554909220856,0.998554909220856,0.7221995828214509,0.7372568895609097,0.7163767603718898,15
14,3,0.1688571224024194,0.9884982732182157,0.9492462487820519,0.9912547752997138,0.7734886595966752,0.7922806620756854,0.7737594374412972,16
14,3,0.03400750884714157,0.9324325022321251,0.8508955583150877,0.9165922911255796,0.7639638673339852,0.7240004359469299,0.7615698140218188,17
14,3,0.021542056741081117,1.0,1.0,1.0,0.7727687329682089,0.7799424147916658,0.7756937688634351,18
14,3,0.037435503409528545,0.9952603782847569,0.9054715700708714,0.9952603782847569,0.7901644712018012,0.790799178892871,0.7817541939852366,19
14,4,0.22274735705317483,0.8727079546642602,0.8551837370093913,0.8847737540495648,0.7463825496130458,0.7606453128337154,0.7456047037480302,0
14,4,0.1507229755076404,0.9146994040927188,0.887488154303083,0.9258590972655222,0.7609590263205327,0.772154464363393,0.7547284023687806,1
14,4,0.11127382227354951,0.9372164062810343,0.8592618055450824,0.9476572467008146,0.8421627323094298,0.7530494254869486,0.8338160382361097,2
14,4,0.12102429586060472,0.9773520748880729,0.9189824939444494,0.9899758782564734,0.7899347421868523,0.773088184517043,0.7795614294118202,3
14,4,0.15664790838588383,0.9645382908411223,0.9008364516033819,0.9721638373031702,0.8388394167040252,0.7743154886258357,0.8348451304851179,4
14,4,0.11773571456869664,0.9075888365555029,0.9097224541141465,0.9337337428631247,0.8010943342569279,0.8125017044515737,0.7960365323438383,5
14,4,0.1333879415129951,0.9807138639032031,0.9398881517199233,0.9955738332683344,0.8056247333761958,0.7724941789413736,0.8117499586895074,6
14,4,0.14140202905823546,0.969921689590913,0.952766780778814,0.9709201491567478,0.7987613404605947,0.8105136770472818,0.7980354613780847,7
14,4,0.1674557721582035,0.9458663269303234,0.9402465069466227,0.9409775258758359,0.7910373569400174,0.7865801557180676,0.7864899002228969,8
14,4,0.08546268953272092,0.9963221296643083,0.954825231799869,0.9967551268188575,0.7653912758593244,0.6953093051468968,0.7616280307406231,9
14,4,0.22373905917270168,0.9205193847861106,0.8874847604721952,0.9252055969827078,0.7740824017052453,0.7647769958118531,0.7734079628985374,10
14,4,0.12878215868260096,0.9715008484650811,0.9256275669456389,0.9760467160992476,0.797743900612299,0.7804628304068872,0.795149173135239,11
14,4,0.1175053314070039,0.9899787092953198,0.9421191588310409,0.9775915193378835,0.8259242602823351,0.7920398443740978,0.8244369189001107,12
14,4,0.22418082817770732,0.9810397346315394,0.9045902184360399,0.984497764475056,0.8504392875490139,0.7783818915641989,0.8471234506215717,13
14,4,0.24174362996473991,0.9041540300084926,0.891242021366146,0.9223198628612939,0.8084883182062357,0.7685744316146425,0.7971286933242174,14
14,4,0.2566892330826618,0.9763908743919669,0.9570197212767408,0.9811196920824345,0.8066110099628554,0.7858351757682276,0.7989461013045122,15
14,4,0.10510595454837686,0.9420305772855518,0.9259587415540642,0.954053626799634,0.7489196584783032,0.7310389600249344,0.7484229132895892,16
14,4,0.12300563089165412,0.9046175079035883,0.9023451391193971,0.9383453897988105,0.7797339280255045,0.7686727484781546,0.7737382018123145,17
14,4,0.1744632287630304,0.9914192971049809,0.8903955149559817,0.9903166864387243,0.8792636234873605,0.7317574256337793,0.866169301104017,18
14,4,0.09691623291143242,0.9119516762784157,0.895544006603888,0.9374570824937086,0.732104762338257,0.732530649602045,0.7362339847320585,19
14,5,0.23795038059866291,0.9586204596671357,0.9404954964332294,0.9605223222905045,0.779367051704362,0.7771660916307455,0.7737773478790886,0
14,5,0.17647428953536304,0.921901015758976,0.9218176030197716,0.9274178016501993,0.7961634848315986,0.7782148711976133,0.7966130305051276,1
14,5,0.27343486047682813,0.8879613079384399,0.8520318355079556,0.8959886728821318,0.7691123204555865,0.7546410971493452,0.7649441848534283,2
14,5,0.35712915531558553,0.9216288357021213,0.8981913444836214,0.929266952937263,0.739043528055422,0.7477605146409553,0.7486820724374683,3
14,5,0.33692153286188786,0.9263021786789176,0.8991745294333069,0.9239303582428479,0.74804513051271,0.7536405604621754,0.7387021099363386,4
14,5,0.26959236384791735,0.9447610563094768,0.9236206757028157,0.951816697719805,0.7682284315869516,0.7471255962925095,0.7552870857389783,5
14,5,0.282431004214329,0.9114833691886,0.8951177992742365,0.9198537682784043,0.749592796706678,0.7461189404746105,0.7523853635579082,6
14,5,0.27656485889797167,0.9263082840258219,0.908547073081335,0.9345856929568906,0.7790783498134509,0.7684381860037752,0.7702072084353664,7
14,5,0.19483070979663525,0.9369676511072582,0.9006864123233878,0.9358384120751468,0.7636338872628046,0.7714036637711271,0.7639830177259417,8
14,5,0.3798981913902304,0.9183986299142473,0.8724440526324642,0.9203757388394441,0.7412865183085603,0.7335049113004474,0.7391546347844857,9
14,5,0.18378308769018414,0.9397123593109831,0.9371867177016602,0.9474817805728839,0.8256330674774554,0.8210293284137691,0.8177813649117083,10
14,5,0.20072656393962926,0.8868054648766963,0.8575835528084492,0.9061028359965162,0.7488631277634098,0.7613852359380276,0.7546406890328056,11
14,5,0.46872689647447285,0.8581245492932326,0.8336854662705555,0.8789260608943408,0.7222162483016095,0.7324823111347409,0.7329140602997074,12
14,5,0.45189445486674323,0.8896336779180662,0.8794073378988714,0.8997982057018888,0.7612755337967347,0.7584585764186944,0.7542605755113385,13
14,5,0.22955199718591154,0.94360611838973,0.9275531274728482,0.9644856433893594,0.7817315399463846,0.7935521692145879,0.7750882182987635,14
14,5,0.30543533437028236,0.8877581584203144,0.8541461636960146,0.8906838377702363,0.7613346365659297,0.7583726136025333,0.7635907767064904,15
14,5,0.19639162685086015,0.898142383260968,0.8812280619338746,0.9211304745562285,0.7598546771146792,0.7830662960107873,0.7679441278178012,16
14,5,0.36704977595472277,0.8913173956525866,0.8712102676799822,0.9098414718320871,0.7587479072524683,0.7899110863441978,0.7476953630827978,17
14,5,0.28874671078876324,0.901619789559306,0.8910303634504151,0.9112518893408341,0.7825479518816489,0.7590320718790594,0.7752871603358119,18
14,5,0.25979768329622505,0.9575534630094074,0.9504656665129924,0.9604621589474178,0.7693320370082668,0.7585131848579716,0.7676988282104694,19
20,3,0.06146915490631973,0.9951413546972103,0.9588681188897136,0.9951413546972103,0.837407722036762,0.8131634067035319,0.8305236257116096,0
20,3,0.0627520841638483,0.9936907460984945,0.9577656445175025,0.9936907460984945,0.7511167687659416,0.743846403107306,0.7515597104194919,1
20,3,0.06110174367037755,0.8739681122222922,0.8791465857135605,0.8739681122222922,0.8294868172757449,0.8112387641472293,0.8257430733349092,2
20,3,0.17261663460059795,0.973200695313355,0.9487989696534328,0.9828537936570341,0.848761271906558,0.8245234448538212,0.8429922736114508,3
20,3,0.017682283510873916,0.7296711118878075,0.741459374861335,0.7448045106231376,0.7318186895174899,0.7112740879393741,0.7221379549785256,4
20,3,0.01778180887309037,0.963779353680309,0.8920081659308123,0.963779353680309,0.8087755690819991,0.750627375102332,0.8097561192697844,5
20,3,0.0704174370466248,0.9963096429789587,0.9692700646801836,1.0,0.8222491324993666,0.818212155782068,0.8226889628298999,6
20,3,0.012660148896765889,1.0,1.0,1.0,0.7886703971967692,0.7690497498408372,0.7862947835978402,7
20,3,0.08558898920338738,1.0,0.9886652932473674,1.0,0.9196779900108067,0.8082648510569423,0.9186725214290727,8
20,3,0.07031712966091887,0.9859041926737552,0.9589483635587347,0.9859041926737552,0.8713030052321806,0.8068391674426065,0.8711260537094669,9
20,3,0.04889506358952477,0.9914327562800522,0.9857723620591985,0.9975480018238693,0.8287901385685454,0.7903072153957199,0.8277809345875617,10
20,3,0.06016040677136089,0.9063440902883814,0.8789525951050436,0.9063440902883814,0.7694701279011791,0.7693029116076604,0.7713372058134957,11
20,3,0.07750116163251496,1.0,0.9966901618163836,1.0,0.8315735572205519,0.8068219139035349,0.8252551437884135,12
20,3,0.011938140425965419,1.0,1.0,1.0,0.7878151470349174,0.7907029960220765,0.7860215122847226,13
20,3,0.03732264108769667,1.0,0.9463386507523117,1.0,0.8551880774150467,0.8088175510159256,0.8470061605395405,14
20,3,0.02334964512022216,1.0,1.0,1.0,0.7827685726218141,0.7314981605071724,0.776542689435356,15
20,3,0.023617002311103592,0.875,0.875,0.875,0.7583300699821202,0.7709468330172021,0.7582505803298295,16
20,3,0.03969391076141976,0.9741184636814875,0.9563770656706299,0.9741184636814875,0.8889369128824851,0.7896596160337007,0.8913942339466184,17
20,3,0.10345572532804237,0.9980317565091897,1.0,0.9973047912046766,0.7878969504993326,0.7967367133469807,0.7896907171947637,18
20,3,0.05055192293181868,0.9847998283172029,0.9247437206617746,0.9847998283172029,0.8562754461295516,0.8347644447385477,0.8591003450762551,19
20,4,0.06908559438846154,0.968102788585185,0.9351660397638246,0.968102788585185,0.7925402770477815,0.7690941623142465,0.7951603358613031,0
20,4,0.1230306633509484,0.9754959402041373,0.9263141902588885,0.9866981192267322,0.8093878861294522,0.7579467129165343,0.8075767570180025,1
20,4,0.09141517497652939,0.986600551307129,0.9848612334535363,0.987932280547301,0.7749967286770858,0.7821006086186061,0.7788687172749236,2
20,4,0.0714364008767931,0.975308751427777,0.9655280124276111,0.9782068110236148,0.8026383815404585,0.802562170689531,0.801097257298378,3
20,4,0.0809637920938145,0.9386930606505607,0.8609677392975584,0.9454475266551063,0.7627145210855747,0.763370428520096,0.7615549582392165,4
20,4,0.11422380134891524,0.9811592421799603,0.9467585524213119,0.9824373792070333,0.8108291376038284,0.7942861925367954,0.8037910155724446,5
20,4,0.1564341621745866,0.9460099611218877,0.9136444536928161,0.9592156905599005,0.7667616697625661,0.7650077570010608,0.7633691063609334,6
20,4,0.08832507204444356,0.9393784866658041,0.9517396594118959,0.9411202082434371,0.7859431187698418,0.7529510770582164,0.7834118989130109,7
20,4,0.16292712376334034,0.9558858700691524,0.9382447220851599,0.9561091396413886,0.7910311865001218,0.7732161205458987,0.7900391708806654,8
20,4,0.1563041608313246,0.9941099398055959,0.912087905654877,0.9976894667203887,0.8060944353598032,0.7533625233591522,0.7977003628797944,9
20,4,0.05394999616398698,0.9843817376129622,0.9266440638592167,0.9880064880772419,0.8522139046426725,0.8153712087881673,0.8530127621877464,10
20,4,0.1715197176051857,0.9353312533243795,0.9520520213752053,0.9402593751479029,0.7563207523565145,0.7638918105960217,0.7612354518626471,11
20,4,0.10657672356846967,0.9939313789699087,0.9112137464451786,0.9888740853375857,0.8433314665030911,0.8031092081373111,0.8458645211246129,12
20,4,0.11288822317749013,0.922536390444116,0.8824658105166784,0.9510444271347656,0.817417485511261,0.7761676060359969,0.8187086448867457,13
20,4,0.1631028529702834,0.9382347001999521,0.89205133329886,0.9534339839903606,0.8085787995376023,0.8120212702270864,0.8025666470235594,14
20,4,0.18542098141005256,0.9775381054037775,0.9635061394104644,0.9799572563372403,0.8100201852585851,0.8193130549475338,0.8082074945991082,15
20,4,0.06798538293539637,0.9448974426537584,0.9013481110488439,0.9850892330014756,0.7876691021614363,0.7792111058089045,0.7832173780435372,16
20,4,0.06496664757991025,0.9705904833909066,0.9530291905596503,0.9705904833909066,0.7931319744556502,0.7791587321093001,0.790850232808341,17
20,4,0.04355433521343886,0.9803448790421939,0.8327972810166203,0.9803448790421939,0.8291537295784561,0.8264990901044663,0.8274411181482919,18
20,4,0.052853250518584895,0.9626883960270327,0.9147391720220762,0.9882393681072963,0.8313605112053049,0.7952236085277282,0.8312224491495559,19
20,5,0.2518923244006944,0.92673864596428,0.8849456785041396,0.9354516212699504,0.777285026293213,0.7480010350450065,0.772961129777025,0
20,5,0.18146452751155068,0.9271716078403955,0.914000850482875,0.9439584634487479,0.7785882554598049,0.778607381354868,0.7726025001315618,1
20,5,0.26008551200065244,0.9161034714292212,0.8829421901745229,0.9282217265765542,0.7637507296625796,0.7653660748607753,0.7606324912688955,2
20,5,0.24212791133205017,0.9316057567723078,0.8699197414051703,0.9471910006173476,0.8026795875877527,0.7506254112747766,0.7907958173720531,3
20,5,0.17500505636941135,0.9159592272691175,0.9049682637913367,0.9197613629751561,0.7845709268275064,0.7708531922091776,0.7816649138509342,4
20,5,0.24349773778116396,0.8982073823370874,0.9030391521972123,0.928036346083903,0.7998047452973551,0.779482032693174,0.789745836181148,5
20,5,0.14285067232944448,0.9464680344040532,0.9178120769349705,0.9503859267712478,0.7819193544407129,0.7832247205939528,0.7850312206844767,6
20,5,0.18150019633445302,0.9296883515208276,0.9225347217710723,0.9349497295924476,0.7961455653836707,0.8002666782118362,0.7921115268217793,7
20,5,0.18699849449650044,0.9098035928069319,0.9000253110279692,0.9269031802243428,0.752768490558877,0.7509557928987538,0.7513973933441179,8
20,5,0.1681559696157215,0.9419107585900828,0.8803698728306278,0.9532212741429297,0.7938298467910548,0.7663006928215511,0.7905230970154402,9
20,5,0.18151555487849455,0.9327267688393582,0.9105393891793063,0.9360023727031804,0.7689895680786644,0.7574183039187936,0.7665732150681457,10
20,5,0.1943040155625424,0.9068284382449439,0.8552681931795192,0.9161305479717172,0.767472744217659,0.7780783556407311,0.7529970844326181,11
20,5,0.13460085466847024,0.9383879875282319,0.9145499181423069,0.9466164800735195,0.7828731976858693,0.7511924890737882,0.7917059592547886,12
20,5,0.17651027252116258,0.9247950387417956,0.9068610877911345,0.9337215666157375,0.7853630832757079,0.7911257183098661,0.7875035514649757,13
20,5,0.18685460767181117,0.8572570537926297,0.8271868793796124,0.8869237940832952,0.759689721836284,0.7377064076903971,0.7440837820556472,14
20,5,0.19772234500538022,0.950677369352469,0.9239753051614366,0.950999729346454,0.787336548291464,0.7931391131381116,0.7867164583228861,15
20,5,0.16580599576787886,0.9012094190738412,0.8954982378320776,0.9058696937665829,0.7993262437788724,0.7972075747076883,0.7984950421201337,16
20,5,0.19495485926925699,0.945751150378807,0.933872902776946,0.9494722702350518,0.7780827579930171,0.782119526208783,0.7703332818226838,17
20,5,0.2252783659869239,0.9240137543650323,0.885636302298391,0.9225796251842895,0.76081599285337,0.7551327751705795,0.7503858556365661,18
20,5,0.12321752068109326,0.9244966189628585,0.8884404440749794,0.9285385726272186,0.76827283435143,0.7663268914355372,0.7611387089332062,19
