n_features,n_classes,ovr_hellinger,fisher_hard_hellinger,fisher_soft_hellinger,seed
8,3,0.017121189611715302,0.039120795590757755,0.031604684573828715,0
8,3,0.014936163350005601,0.060251275384093944,0.03592306886041036,0
8,3,0.017175675478283983,0.035881426834765764,0.028655409118725238,0
8,3,0.012036240981398104,0.045456497816670514,0.025956899496981354,0
8,3,0.01591010568232486,0.041814528308690986,0.0292378498593747,0
8,3,0.016489314043996034,0.04177289628816202,0.04167563849183786,0
8,3,0.009939726611998113,0.06969791949345192,0.016744695558995958,0
8,3,0.011226613434191629,0.055948829412792965,0.021785634236291148,0
8,3,0.02226400235424336,0.04842102469205011,0.04876289662644105,1
8,3,0.0203887573578036,0.050426587364759856,0.04911864230569812,1
8,3,0.02097489142973162,0.05006819606406572,0.04827768506513242,1
8,3,0.024853026713682856,0.059945653248138914,0.060711231242785706,1
8,3,0.01813091098989848,0.04808421066764527,0.044702573802489584,1
8,3,0.019494474147890038,0.058153418029664436,0.048264710896781665,1
8,3,0.0205516720502063,0.05273966867566582,0.04935492683881767,1
8,3,0.019063818986304333,0.048784966614764905,0.048083928597302227,1
8,3,0.017749235900192697,0.0394358385263334,0.03532603324046725,2
8,3,0.017227964187893276,0.03759506126065158,0.037804079603739466,2
8,3,0.016989874092992303,0.04297835422874474,0.039291181470979694,2
8,3,0.016959972435439917,0.056253686840516806,0.04199151935200759,2
8,3,0.016994812670746647,0.0552040252721817,0.03220636065654481,2
8,3,0.010899356719325784,0.05460083274577636,0.0210344372293078,2
8,3,0.019702395548538306,0.07177586301062462,0.05049140454848837,2
8,3,0.018902596403035796,0.04131720776835144,0.04098077975382123,2
8,3,0.010944048504524158,0.029045050104702468,0.014371194370744187,3
8,3,0.016056095056874213,0.04002875430116779,0.0239798452343492,3
8,3,0.018736349251923582,0.051262781542010305,0.03451352922262207,3
8,3,0.014326007103410655,0.0515721182134714,0.03002681920893206,3
8,3,0.014616508094576585,0.05952791377996317,0.03025328522434948,3
8,3,0.012984864450526854,0.03053813528079259,0.02562971267900189,3
8,3,0.011509900651532423,0.03411395118624126,0.03212746215480209,3
8,3,0.016748913387772138,0.04292612940578444,0.030176240124652455,3
8,3,0.017670624309798228,0.04292238737130806,0.031756287554269236,4
8,3,0.016907442045688607,0.07368726183998467,0.04685270638238151,4
8,3,0.014351573168787324,0.030871914534382195,0.03073258913163785,4
8,3,0.020117699761802065,0.035272513121632244,0.03333544227599945,4
8,3,0.016996151931650917,0.03177811354999395,0.029858097756965046,4
8,3,0.01848357583507375,0.036692919226229845,0.031295941035237244,4
8,3,0.01808217564127379,0.03676299391924093,0.03201595525872768,4
8,3,0.020592461126303772,0.03986935506971547,0.031105163067013792,4
8,3,0.01544612159710446,0.03986532672669462,0.03235181264174075,5
8,3,0.017804191779546518,0.041682514651501947,0.04175370047306412,5
8,3,0.018154628849540472,0.0437778720303916,0.04336923272793425,5
8,3,0.02158756996442535,0.05970664461479964,0.0538637927095392,5
8,3,0.020991600565020963,0.052738848658779695,0.049608911439289666,5
8,3,0.01815000308330535,0.04300057771593656,0.03060868196556951,5
8,3,0.015414877164951867,0.05427525770765047,0.032674208628828846,5
8,3,0.017972881588484403,0.03986385123893874,0.03631316134905764,5
8,3,0.017513545197680655,0.051901046377568025,0.04480298929559648,6
8,3,0.015792133692827198,0.04461995539446484,0.03108830200894934,6
8,3,0.0157462133220391,0.050656958922625936,0.04156124632240746,6
8,3,0.015816182563532104,0.058882725029524546,0.02462067191414774,6
8,3,0.021331470964845452,0.06509927159147239,0.06377197737339377,6
8,3,0.015321011578790348,0.07375848251697861,0.024467733157404078,6
8,3,0.016707936621368435,0.04382706013224973,0.03863734274773704,6
8,3,0.02229283266611139,0.06283508443111517,0.06185990752439245,6
8,3,0.020331592055712236,0.06620815633025298,0.04096434369632458,7
8,3,0.01915236983006589,0.07001584072654883,0.03563135769827184,7
8,3,0.017256301604920716,0.03688186894527363,0.03517486449311621,7
8,3,0.019034612156892665,0.06853749044935026,0.03019468431541715,7
8,3,0.014303129477880198,0.07200251065376537,0.022165603992942772,7
8,3,0.01761085642542426,0.0722576093620071,0.03289121771319441,7
8,3,0.01944094576398036,0.056891623088844906,0.03749563561652209,7
8,3,0.019037702565070754,0.06882208504003225,0.030940953376338873,7
8,3,0.014403676573430679,0.08359289078385726,0.016937318925053027,8
8,3,0.019659815575765918,0.0642129177457329,0.0348103793619021,8
8,3,0.019276476292188458,0.060591628366831116,0.034999970288491326,8
8,3,0.013620734940132422,0.10535604231837846,0.023637504089544587,8
8,3,0.012433551100637751,0.09079319721526732,0.014713153022298246,8
8,3,0.014112027862764658,0.09241420874382075,0.01636499218684786,8
8,3,0.016057041093182334,0.06353655101335041,0.02770238593840822,8
8,3,0.017533338088592833,0.06391521204927511,0.027637768624192212,8
8,3,0.016938142993263235,0.04539887896881704,0.03147567649131595,9
8,3,0.019293816135100915,0.04148621490023887,0.0342614167571256,9
8,3,0.020037200563072278,0.06309022652449539,0.04693992245653559,9
8,3,0.017122979818944985,0.04946916030168835,0.03494058295537744,9
8,3,0.01394602592616898,0.04457347523553871,0.03752811226993865,9
8,3,0.018561452626021355,0.05523918449508616,0.04148472014511674,9
8,3,0.016881914144112425,0.07225555819945698,0.04473603747139021,9
8,3,0.012862653156432905,0.08628374799623335,0.021785539505235492,9
8,3,0.015621776328405996,0.057461815050346796,0.031020938616093223,10
8,3,0.015525046182843295,0.037708497497529074,0.03367418179563582,10
8,3,0.015620963648033013,0.03446671433632506,0.02914732067392135,10
8,3,0.014624970816020894,0.04411453538838089,0.029983220644031805,10
8,3,0.016695489727267133,0.033505971805295846,0.030694947464115094,10
8,3,0.015495811634343075,0.03954797455827125,0.027622253129721205,10
8,3,0.015098318100524477,0.03837248866861884,0.03730708961873098,10
8,3,0.02113673246373047,0.10603308744516601,0.05714455454274563,10
8,3,0.015272910118340866,0.06176400989163639,0.03580491341680886,11
8,3,0.013257300954053848,0.08231516066433983,0.02782216962672059,11
8,3,0.013217377985659785,0.07632330910628646,0.023258846943539014,11
8,3,0.016699405071288767,0.08975665654008773,0.034467678132119484,11
8,3,0.013640746525805391,0.07564880568198488,0.03638310205471238,11
8,3,0.010452607793824942,0.0452865954909055,0.032347430985935025,11
8,3,0.014320941104308111,0.04936340049181738,0.034481349233174294,11
8,3,0.01747505971982438,0.058004249406430314,0.04476873406868927,11
8,3,0.018791718153856163,0.06022394256798818,0.040355605073947816,12
8,3,0.013526510001601369,0.03773177451462266,0.017847486489699894,12
8,3,0.01634179868653698,0.051286243628517234,0.038982117546155756,12
8,3,0.01677215025590446,0.033312706312190084,0.03212040418040644,12
8,3,0.0185924203994028,0.03589979429858789,0.03441612652881351,12
8,3,0.020265487167624458,0.03416745005119059,0.03340860161361326,12
8,3,0.01527405695957692,0.04028009826267889,0.03681594224905375,12
8,3,0.016886700279088163,0.03962966956312762,0.023703200096303206,12
8,3,0.02213489786911306,0.038053991556095484,0.03935131351363068,13
8,3,0.02010028247684781,0.037947103560179433,0.03698154632836702,13
8,3,0.022970735514394002,0.04704077278127753,0.04530931151063687,13
8,3,0.02787267837268556,0.0905270273369837,0.07221725254727535,13
8,3,0.025234802604181022,0.06487775222798972,0.05440829692586119,13
8,3,0.022646961153532187,0.05429119238881169,0.04456170333506412,13
8,3,0.02463200086892138,0.04961494827932846,0.04681178051960539,13
8,3,0.02678617023127462,0.049786289531262684,0.05006364802616863,13
8,3,0.013151021001167594,0.08472999650054931,0.027838830165184784,14
8,3,0.011347414568315627,0.06197004438898204,0.0222596247761825,14
8,3,0.010195222063769114,0.04719598816341231,0.023821928593751675,14
8,3,0.010527824877046104,0.09088962845018528,0.014463192384523222,14
8,3,0.009557925542960383,0.07764741648962459,0.019444632066737695,14
8,3,0.01086542628892011,0.08119021352814866,0.01689191125653597,14
8,3,0.010954922423024984,0.06819780291996705,0.019392221671386052,14
8,3,0.012174614496072657,0.05816664119418867,0.02402779077520491,14
8,3,0.018999404039359267,0.047056545718382616,0.0404964016435681,15
8,3,0.016749246150929608,0.03612391401660937,0.022802336192257085,15
8,3,0.021062935021141614,0.03180353858927323,0.02870221375280032,15
8,3,0.010472642304421314,0.03545677372039466,0.0279436116039233,15
8,3,0.01742675968057109,0.03206430363279213,0.025623008425614466,15
8,3,0.00958101117674817,0.02993399532525082,0.02538487422667275,15
8,3,0.01123236791916948,0.05507476860912081,0.028522329779083127,15
8,3,0.017112270848011615,0.03833205801418621,0.03541246756051173,15
8,3,0.019798633337148933,0.06974797209982328,0.04609845354377977,16
8,3,0.02444689723385449,0.04767326892463174,0.04595670980459517,16
8,3,0.018396919885250634,0.037701233357467036,0.03181277766468623,16
8,3,0.020100507576941734,0.048358454850917734,0.04903410115504639,16
8,3,0.01863294166255171,0.06048219085459729,0.05104588338030912,16
8,3,0.019770442270093794,0.04140162662303172,0.04263704949093818,16
8,3,0.02313571268674263,0.0427868180329763,0.04328190475671279,16
8,3,0.023391909560233206,0.04478531729350558,0.04604034430966039,16
8,3,0.016770614412683096,0.03465670714443119,0.02656802867611418,17
8,3,0.02111487425735989,0.06410708388957219,0.055372131075072537,17
8,3,0.017452598379916473,0.0427451594654107,0.03781320268938324,17
8,3,0.02018492466805968,0.0339162928692907,0.03283439112939853,17
8,3,0.015849027811813514,0.03360896862848423,0.029504204831017,17
8,3,0.016327752351882104,0.030031973494845234,0.026147826549710266,17
8,3,0.017155126828380714,0.03410362929284511,0.02519510958152627,17
8,3,0.01637162584759529,0.04733063186305077,0.030525556137620265,17
8,3,0.023688923276463703,0.04830895214151608,0.04192808089785421,18
8,3,0.021999001364831343,0.056325025821117335,0.05065172790341211,18
8,3,0.02067988556438463,0.05891264241385211,0.04529105625490509,18
8,3,0.018340933145081315,0.044213100744698586,0.032757828533936745,18
8,3,0.021603601779148007,0.056024700347245125,0.04343592368849354,18
8,3,0.01781059436453473,0.07293158582828159,0.04424434941200464,18
8,3,0.023769111387083784,0.06011352832228392,0.04444678936761157,18
8,3,0.02066750511053616,0.0614088731478006,0.050304506157802714,18
8,3,0.021226745719752495,0.04799463708940488,0.0412688056565304,19
8,3,0.022761278539482583,0.05004839235906477,0.04583774983957127,19
8,3,0.025823325790255307,0.05052888802721862,0.05138020089983294,19
8,3,0.02496295724605168,0.05725217554549876,0.045321572834387966,19
8,3,0.023870176906467106,0.052430316075059366,0.05318693506844325,19
8,3,0.0182350047676362,0.04238018768494766,0.03355224170311595,19
8,3,0.015219527608039667,0.04278298908455791,0.02908034702792391,19
8,3,0.018465652972423204,0.04969769108958358,0.0383088956505419,19
8,4,0.02370444212200218,0.07096855085850963,0.057887012240422794,0
8,4,0.02038666270167978,0.06780299722560157,0.04464083091527356,0
8,4,0.022497110327133234,0.06323370092202119,0.05263893057554402,0
8,4,0.01983669473505573,0.06114294302750161,0.03417337989534058,0
8,4,0.019517654743020883,0.04666616161751461,0.0336696442148009,0
8,4,0.025115256289684074,0.0654411597863161,0.057998139118223394,0
8,4,0.028309597527789932,0.06367097284037605,0.0566440346016005,0
8,4,0.028995237930810568,0.06765255947079533,0.066363781751028,0
8,4,0.022091539857514723,0.04269523774679813,0.033737705408633425,1
8,4,0.02357299418826926,0.06362313133012412,0.04853374181605693,1
8,4,0.028608995118526496,0.07714652950356812,0.07142051521834406,1
8,4,0.02074582596222439,0.05937037578382076,0.04360011778878678,1
8,4,0.022940953619769524,0.06173003989483711,0.04898849135717039,1
8,4,0.017920256797381205,0.07537721742162692,0.04539018958882685,1
8,4,0.02313104961628861,0.06274431020988806,0.05045582515564819,1
8,4,0.02319726790098994,0.09713009564037647,0.05520860750597077,1
8,4,0.024086672618041444,0.059314105577239096,0.04271843235307982,2
8,4,0.02783096982760946,0.058308883896102996,0.049797759841077316,2
8,4,0.020702696232431154,0.06459116979567739,0.039981399652351896,2
8,4,0.021371169698167117,0.07428620461842797,0.04400619517864843,2
8,4,0.021672302049317426,0.060622591181527935,0.04217804626306287,2
8,4,0.020727288644917127,0.05963918031846395,0.03821421811963131,2
8,4,0.017901259242948813,0.07040313723988004,0.03973389282858355,2
8,4,0.024865463441761566,0.0677571817722107,0.05918291561389069,2
8,4,0.022369054159242813,0.06975609703992473,0.05964654434868001,3
8,4,0.022016328963732193,0.06815234629029841,0.05694288712516735,3
8,4,0.023594344986501772,0.06727081814011475,0.05236770146580049,3
8,4,0.025153405772534616,0.06853171949760575,0.06538248832572377,3
8,4,0.019710823540937793,0.06670599628359344,0.04836468518725596,3
8,4,0.02114772033802775,0.07600863133103662,0.06270018571114305,3
8,4,0.022544717768270845,0.06932332181272621,0.0582353587340875,3
8,4,0.02046724539816541,0.07727381522844771,0.049247874837698054,3
8,4,0.025866556681693388,0.06802343776316677,0.05762749039491739,4
8,4,0.02972339982471625,0.07336639803156854,0.0611471491275837,4
8,4,0.02302936196310908,0.07068951394729185,0.0445189607427886,4
8,4,0.02687384958277657,0.06614574743208634,0.05493134215839136,4
8,4,0.02515237778429803,0.07096137926077282,0.05897219036570588,4
8,4,0.024847124245813024,0.09249738113755782,0.06496191198080327,4
8,4,0.02398545059033123,0.06242850358619484,0.05100069381318662,4
8,4,0.02381195327841826,0.05327226131779222,0.046676362971682185,4
8,4,0.03553410452207005,0.07641145059747838,0.07146226514563192,5
8,4,0.02785662315172527,0.06835631108609395,0.06377718463849728,5
8,4,0.021997967481364223,0.08548466991676723,0.05587554414974871,5
8,4,0.02424895336928666,0.058769672927084474,0.055173597890709025,5
8,4,0.018175523113561902,0.03864947395641613,0.03497331176202546,5
8,4,0.016740868483776712,0.04773502900312485,0.03474962880252709,5
8,4,0.028748781627023955,0.08722983256048807,0.06301808271214117,5
8,4,0.03362449522068085,0.07633127771432431,0.07492019666263157,5
8,4,0.03360498886324874,0.07629792646852467,0.07315349046175926,6
8,4,0.02032932965877314,0.06807758312126302,0.045439593605800355,6
8,4,0.02853454606409131,0.06839785433307746,0.056086842170273356,6
8,4,0.023549842268838106,0.05306931718413389,0.04507876407893337,6
8,4,0.0276254445829295,0.05424315571186623,0.046270528475332785,6
8,4,0.03500376814955016,0.0858558449056663,0.0849064058337219,6
8,4,0.03185072196704847,0.044641796443283366,0.04667387341014374,6
8,4,0.032456330089308406,0.08473232266207772,0.08413839484564266,6
8,4,0.02359285528552185,0.08200146815679615,0.07206626832746325,7
8,4,0.032575656390814216,0.07278637814194813,0.07123731900901457,7
8,4,0.02666350122957027,0.060578280004906976,0.05034774073051769,7
8,4,0.02437034848467248,0.08146494893289906,0.06807637298692311,7
8,4,0.028486663962056562,0.08389897844809233,0.07012184956197813,7
8,4,0.030022312599709843,0.08694112335372321,0.07776831712031533,7
8,4,0.031188572347866775,0.07784488134073596,0.07654043969530049,7
8,4,0.024898942130290442,0.07744817339893469,0.0649712913569894,7
8,4,0.02717421781056467,0.06062753342466488,0.054299301831267244,8
8,4,0.029141210377397444,0.07028872523375888,0.06160482322618519,8
8,4,0.03191527382996069,0.08424694429798288,0.0665322560800748,8
8,4,0.03473879512925616,0.07854921806122453,0.07595035320231079,8
8,4,0.02526596300654822,0.06727117951362069,0.05452375620797415,8
8,4,0.027678037982704816,0.08153237538038476,0.060751142731747566,8
8,4,0.02402701609374749,0.0755816511900718,0.05046821160064656,8
8,4,0.022987249507635782,0.05154766785377305,0.04983051118949502,8
8,4,0.023277397631324012,0.0593574279780554,0.059070152007991865,9
8,4,0.027663532828869783,0.07244752269422484,0.07171348990301339,9
8,4,0.024241150830347995,0.06435703575668368,0.05947568970814777,9
8,4,0.030841549279878862,0.07403962668803993,0.06839800980920846,9
8,4,0.01651543008483632,0.05564747490472201,0.03805734707627986,9
8,4,0.027927987796340235,0.06788533794704381,0.05887672205967197,9
8,4,0.02433713098238636,0.06376513100773953,0.058545277086178134,9
8,4,0.025933338348446643,0.07454019161046928,0.06499818181011936,9
8,4,0.024054260635086915,0.07982581081981323,0.05491022417331951,10
8,4,0.02819617713252636,0.07443953938397095,0.06934669663176216,10
8,4,0.02727539323243856,0.05353560873463098,0.048952104929339865,10
8,4,0.023971149701548185,0.0546613994327893,0.04934767454494732,10
8,4,0.02562821181893489,0.05603800518998938,0.042757031021427035,10
8,4,0.0245151433873763,0.07187719528478423,0.0541891436816232,10
8,4,0.028719936643290322,0.07927838870875735,0.06770349633645101,10
8,4,0.026121244891243737,0.05105113267955823,0.045193123535442525,10
8,4,0.02884787991729295,0.059812238198815364,0.06138471505006663,11
8,4,0.02939344800437579,0.0570930086046964,0.056718109293995206,11
8,4,0.025361081249127896,0.060952691585178555,0.060691110353156864,11
8,4,0.026219442561342978,0.06925278648773253,0.0541406889432388,11
8,4,0.01753761930406596,0.07035025617645563,0.04351554067312253,11
8,4,0.02801850605590604,0.056870782280297585,0.05523492463939532,11
8,4,0.024651590459229707,0.0599235722305106,0.05579931262381486,11
8,4,0.022563870626524523,0.06371574876765297,0.049786643952816095,11
8,4,0.023573277789233557,0.05850629710966784,0.038405181193353496,12
8,4,0.026103764248391934,0.05925190098152617,0.0574507570809149,12
8,4,0.02342404188095112,0.06193292748718546,0.05472686073380267,12
8,4,0.026123339811777994,0.06029018850053849,0.04990697839650952,12
8,4,0.03211099622526421,0.06592802073376194,0.05590197483680646,12
8,4,0.014564673104971077,0.06138600524480981,0.027479513088527526,12
8,4,0.028632733887031466,0.061044908413471155,0.05093525427995227,12
8,4,0.02974163034803985,0.05960082821310944,0.060104644304247605,12
8,4,0.026613420802755545,0.062003831004798914,0.053319966146666856,13
8,4,0.02573262640989406,0.06544035665911466,0.0588595252557512,13
8,4,0.02602320632854879,0.06787332032440115,0.05511454270046195,13
8,4,0.02958392023436565,0.06846332950002412,0.0639223629136251,13
8,4,0.028211972921778152,0.06137921048906395,0.06233475298719066,13
8,4,0.025235559336318682,0.05651961340725786,0.04539402147209784,13
8,4,0.0287343592514856,0.0639449661410018,0.06314732266710645,13
8,4,0.02788139915184253,0.06269030643187802,0.06116255098979558,13
8,4,0.019230079475875222,0.06458012334157866,0.03956542259095152,14
8,4,0.024875439321397727,0.08266590626427836,0.0627863510176195,14
8,4,0.023656739404218398,0.06174050227953083,0.037897718879471964,14
8,4,0.026067116749859082,0.0675751820155364,0.05762413568161955,14
8,4,0.014373092408141863,0.06510385063488806,0.025948437180425665,14
8,4,0.031352027522666796,0.08338746171965042,0.07405314778753358,14
8,4,0.02531998232027861,0.07073335191810949,0.05832419131440449,14
8,4,0.02733757029375349,0.08125876856479125,0.07051714125296185,14
8,4,0.024679962082634895,0.06391171194017313,0.053851592803480085,15
8,4,0.026269355330148347,0.06024052092321519,0.057193074300263186,15
8,4,0.024799276167808065,0.06531152706325186,0.06160718760852996,15
8,4,0.017883797796144896,0.07717980142571974,0.05379704542860022,15
8,4,0.024868126329744427,0.06980666019737888,0.06027637238446301,15
8,4,0.0181081801921744,0.05572128831143407,0.04493945202069087,15
8,4,0.02675346019119504,0.08532949109533722,0.06954800743159355,15
8,4,0.023156238503849912,0.05392884528628648,0.046561261705117,15
8,4,0.03216773154962724,0.07118919416454703,0.06387037194679367,16
8,4,0.025583616267032344,0.06743048632920974,0.06779256269362136,16
8,4,0.019202686689259067,0.061771866364549004,0.03777859335228666,16
8,4,0.025810674569237347,0.05905403449438724,0.042872042680846434,16
8,4,0.023175784461614606,0.07099208094053727,0.037480373750268324,16
8,4,0.018680992001172844,0.053622725938534274,0.03926532315015396,16
8,4,0.022603923449235258,0.06138170051919706,0.04795886946057051,16
8,4,0.029877238402549855,0.059401929200430144,0.055488063102389865,16
8,4,0.024789102952787065,0.05689862816658599,0.03923035022698165,17
8,4,0.018098052706550672,0.0791318536819399,0.04808962176173135,17
8,4,0.024829905887220036,0.0844772717231331,0.0436951076869618,17
8,4,0.02341925912958743,0.07425096404011353,0.050361982995474126,17
8,4,0.020989420069047957,0.08020683668730208,0.04827041711183137,17
8,4,0.021505707350244,0.05762134429913967,0.03462368074215899,17
8,4,0.016506288797154784,0.0710270567076098,0.032182448606396706,17
8,4,0.02428076408081039,0.06684598459511924,0.04827896809283605,17
8,4,0.026521958122372208,0.07023817065730056,0.05908725492879964,18
8,4,0.020862189831283573,0.06503669126063473,0.04135355202190884,18
8,4,0.02625605064495303,0.07687337052144169,0.06418404385952681,18
8,4,0.022098271662381493,0.07728058496030919,0.03935667566200865,18
8,4,0.018771381739310065,0.06955565663365144,0.040364097701697466,18
8,4,0.025281944518910106,0.06799599963601018,0.053284331233363305,18
8,4,0.023016621236459783,0.08177152872608512,0.05569043008186053,18
8,4,0.023052818202633128,0.07378035904133166,0.03612606432799486,18
8,4,0.023928018070175094,0.051333229840335205,0.05071902316569052,19
8,4,0.023655937604155613,0.05243316993912614,0.04202070744786823,19
8,4,0.028197100898434996,0.06909241039261217,0.06310674677993365,19
8,4,0.022367439146651878,0.0685608859485209,0.0523330649887876,19
8,4,0.02614426912951617,0.08222743105604731,0.05637971891409832,19
8,4,0.016428955684177526,0.06751223804523339,0.025977927141059638,19
8,4,0.02648203116366222,0.04704747384302765,0.04247299974234965,19
8,4,0.02289114840991774,0.058569187755588885,0.04527829185994377,19
8,5,0.04147272980441927,0.08559229300540647,0.0774639188771076,0
8,5,0.03488766335656934,0.09509188754182857,0.08355784469740732,0
8,5,0.045045157169925645,0.1048726709122313,0.09689262467466542,0
8,5,0.040547323279065975,0.08502199748457394,0.08102701870634305,0
8,5,0.03959556007429816,0.09516170585849917,0.0937465865914755,0
8,5,0.02497025505451145,0.10414005641936211,0.05935579777096498,0
8,5,0.0292255352782173,0.09299690690917534,0.06422821291341084,0
8,5,0.03963187936684538,0.08553271384552254,0.0839375172789145,0
8,5,0.0349525283340277,0.08650928337442271,0.07563364039482112,1
8,5,0.025117558516098752,0.07110495809526417,0.04939007435029249,1
8,5,0.03700385937976278,0.07173072707675462,0.06601143993327425,1
8,5,0.038070176370108684,0.09017450560493113,0.08350056393318384,1
8,5,0.030006001454644413,0.09987241583346403,0.07474865427452576,1
8,5,0.04063663397984149,0.09136081015893711,0.09290392562495958,1
8,5,0.029926316255788992,0.06655829382073733,0.05564749344127808,1
8,5,0.031015614064452593,0.09201821385555012,0.0619539019475533,1
8,5,0.028617399794898694,0.09148819436502646,0.08217056349051813,2
8,5,0.03296860481859599,0.07597196686371246,0.06623444188797373,2
8,5,0.03141162158677664,0.09145612814967159,0.08143773841902256,2
8,5,0.03298760011646099,0.08967209729756594,0.07355073464076371,2
8,5,0.029922492918163856,0.0685467710977611,0.05984875319223868,2
8,5,0.026211773051951978,0.09053200944033371,0.0682445615948846,2
8,5,0.029569087914528915,0.10222267089413138,0.08206970851642076,2
8,5,0.012082436013035477,0.0846483056776963,0.024857319004292555,2
8,5,0.02818506473146771,0.10319102084640372,0.07322744385753381,3
8,5,0.036415738319950354,0.07036781444083134,0.06662514403426945,3
8,5,0.04036501415558812,0.0962436212114156,0.0935542405933644,3
8,5,0.02921954744906478,0.09379534124516563,0.0731357439143387,3
8,5,0.03381364036262305,0.07518830515883157,0.07261853300409582,3
8,5,0.03225183767940517,0.09563731998294749,0.07818006029376147,3
8,5,0.03579126750387828,0.06533024059975728,0.06080390302593518,3
8,5,0.03171430875060828,0.10186910656958871,0.08222223071168594,3
8,5,0.03484286540517667,0.08502154224439425,0.0804515772712343,4
8,5,0.029312108796346437,0.062473179144009815,0.05868634794680669,4
8,5,0.037821706664501284,0.09562722664650311,0.085492227169058,4
8,5,0.028758310266778914,0.09194668541252701,0.06815817911591503,4
8,5,0.029926055177985716,0.07818683702502618,0.06519990054183084,4
8,5,0.02749985108373825,0.07764511294789393,0.06150415183529515,4
8,5,0.028174159162496593,0.08347239880477167,0.06188667428760334,4
8,5,0.029575027751897656,0.06993156339344739,0.06339609456786666,4
8,5,0.027674439264496923,0.07171268153468834,0.057117069967745564,5
8,5,0.033965596308344365,0.07598656941934862,0.072725802359662,5
8,5,0.030107580621707927,0.0687860090000701,0.06264068850952578,5
8,5,0.023898109418937438,0.06655093139381392,0.05652560656318237,5
8,5,0.029758987731302693,0.08348969982242195,0.056031875385959065,5
8,5,0.030659817292330947,0.08335052189068023,0.060254297859882476,5
8,5,0.028637505404827165,0.07667641480918577,0.0631409595448101,5
8,5,0.032735704187757744,0.07264111273054787,0.07262960683026037,5
8,5,0.03790689988606435,0.07551917108191564,0.07619612931981051,6
8,5,0.03909338478994775,0.09500794952193616,0.09580834744393438,6
8,5,0.028343050818575063,0.09064832640615766,0.0743806717038677,6
8,5,0.04096669872584725,0.09338224144754059,0.09460531547254886,6
8,5,0.027928962980738676,0.0828913353560567,0.06435632770461781,6
8,5,0.02920584812122134,0.08294190053772664,0.06996147729170746,6
8,5,0.035725784117305336,0.08537038181139998,0.07972920347895422,6
8,5,0.027436753535099088,0.09707689935064095,0.07212589763801794,6
8,5,0.03920139009707347,0.0788186601748736,0.0686398686456663,7
8,5,0.03840208590724823,0.0804602224353655,0.08115353332204814,7
8,5,0.035130674302159395,0.08334124569608599,0.07431665463479663,7
8,5,0.033211089540035856,0.07405127202401313,0.06760328186390174,7
8,5,0.03143968179811385,0.07120143923667863,0.06406894682004956,7
8,5,0.029799333225625946,0.06273368979258596,0.05996219438692696,7
8,5,0.03219969103436485,0.08584369778593853,0.08035410088262915,7
8,5,0.02725764762603179,0.09952687716223818,0.06715823293720041,7
8,5,0.030847671602489374,0.07147630043084853,0.05965404394517051,8
8,5,0.027714072693711813,0.0681783722368464,0.05575000125547419,8
8,5,0.03093943295659723,0.08423685891325912,0.07394383193777825,8
8,5,0.03674198809931672,0.07387173459770262,0.06978313263909675,8
8,5,0.0389905700955434,0.09938838293847076,0.08453224434998216,8
8,5,0.03197539036427612,0.07732633927466849,0.058085554558095186,8
8,5,0.030187746628463925,0.08410650764843923,0.0702354394861033,8
8,5,0.03561674106820453,0.09727568728514292,0.06883973625030233,8
8,5,0.03214178482952571,0.07109065030878763,0.05759233844503967,9
8,5,0.03091627142394467,0.07726436850251703,0.07271896968386568,9
8,5,0.0336243667275472,0.07705506677654221,0.06818965857383955,9
8,5,0.030505619085703806,0.06454656368189912,0.05510343880283192,9
8,5,0.023760941838520327,0.07628519947463337,0.05841897302509043,9
8,5,0.02697654662685281,0.07209479430458271,0.053833260655272865,9
8,5,0.02017274487871802,0.09090115770670448,0.04979564173129669,9
8,5,0.015085532610987171,0.09706992381074742,0.03253055854109154,9
8,5,0.02637176635873096,0.08397270059186597,0.061060762606954526,10
8,5,0.03156789872081666,0.11123842389174557,0.07249382643342106,10
8,5,0.03350177821916716,0.08418537251601695,0.07161021654551011,10
8,5,0.03769815705506778,0.10046665122370164,0.09905008676937507,10
8,5,0.03674728356700049,0.0912704991931419,0.07703664503735443,10
8,5,0.03674802054774223,0.08101348094957794,0.07180161670453189,10
8,5,0.030776772212469425,0.07803155848385056,0.071733933646587,10
8,5,0.03525148884693198,0.08910263058130502,0.07254237792570004,10
8,5,0.03169476819947999,0.09240485085082462,0.0754809756620641,11
8,5,0.026785585470531677,0.07321680067350707,0.05146059005550254,11
8,5,0.03953383907361561,0.09784449446499077,0.09845408786310553,11
8,5,0.037980872816388116,0.07874238625653535,0.0707020991065567,11
8,5,0.0359562009127327,0.10332181750594824,0.0866436976539268,11
8,5,0.03460349746991539,0.08446619392820137,0.07164372481340328,11
8,5,0.02692597314208352,0.0775307965936881,0.054431323181501824,11
8,5,0.034323134847689785,0.08988313612079031,0.07288560047878756,11
8,5,0.03909194228700811,0.0924940899555713,0.0906828989177434,12
8,5,0.023375940723120336,0.061987626024387676,0.04526580443117405,12
8,5,0.03306643730821,0.0988897360276091,0.08630399864173556,12
8,5,0.03152881175364445,0.08289015336978438,0.07324552753874766,12
8,5,0.03205625369069699,0.07012098985537017,0.06691347510598958,12
8,5,0.03287368476113946,0.08502963390617882,0.080575484471334,12
8,5,0.03190990054365669,0.07791466660584198,0.07389116214441753,12
8,5,0.02652706860659767,0.06170688454139622,0.04861964497723415,12
8,5,0.036255450951224864,0.13350259249569857,0.10216124850988816,13
8,5,0.04353911742916813,0.1149257862077187,0.10110218752816989,13
8,5,0.025397367103172724,0.06679411405160146,0.050843389839447535,13
8,5,0.04328728733324918,0.10308789031874441,0.09569914073055195,13
8,5,0.03348204213693926,0.0835063623826492,0.08057326601886915,13
8,5,0.02919089611473838,0.0826026598256796,0.06629547933896483,13
8,5,0.03355719566530278,0.11048096085076407,0.08678152115024128,13
8,5,0.04340618968887606,0.09477089476651601,0.09250099059456407,13
8,5,0.03690502908284603,0.09136698208672264,0.08689704132091594,14
8,5,0.03527158642187089,0.07353648816006374,0.06834121823432933,14
8,5,0.03516371523862418,0.07677104218324066,0.07146437048846456,14
8,5,0.037023643274355124,0.09229920661154616,0.07851212388811718,14
8,5,0.023845761676509685,0.08550013779556097,0.0512845944378605,14
8,5,0.04202924052613897,0.10315370290021834,0.10397779838109478,14
8,5,0.02890715350322967,0.06253235915985843,0.05146001198944373,14
8,5,0.03274310938716112,0.0859423558248105,0.07121416029070374,14
8,5,0.030915995155306422,0.06731000717784778,0.05881609586508182,15
8,5,0.025380231409513985,0.07107638883631273,0.05734599328675696,15
8,5,0.029678076162386546,0.07520830029721842,0.06861236193150216,15
8,5,0.025357493570480595,0.07673733655563582,0.05666040907205424,15
8,5,0.030651956838296954,0.08255668124437442,0.060373886288468,15
8,5,0.02270185788237426,0.07636433920419927,0.041992330130711186,15
8,5,0.030891796240973223,0.08732071403595452,0.07625279930625536,15
8,5,0.018814404456874254,0.07277147619317681,0.04105545428585558,15
8,5,0.029357387190429,0.08053520332652314,0.0670370408934188,16
8,5,0.04165676081489788,0.09252061478587223,0.07565754643331848,16
8,5,0.03673998171298929,0.10341015374425061,0.09292760085805381,16
8,5,0.031954588029678765,0.06627196923666863,0.0638519937536006,16
8,5,0.038193269701979816,0.08578302671839212,0.0813657435339501,16
8,5,0.02829740102429232,0.07847040930633102,0.06102076353484968,16
8,5,0.03103988507089145,0.08753186247387902,0.0753130403058925,16
8,5,0.02257321047410341,0.06776959914901177,0.04727802783580557,16
8,5,0.03353006406472627,0.09662168415122534,0.07352903392191354,17
8,5,0.037730791795227904,0.08063021435875117,0.0769534905039712,17
8,5,0.031851754759121595,0.10015898488382373,0.06931239230451057,17
8,5,0.03104606944791578,0.0991601317636718,0.08030729674400211,17
8,5,0.038509936130314996,0.08083583872215136,0.07799585079901847,17
8,5,0.035805833089117264,0.09155255608504761,0.08449313558680514,17
8,5,0.03429697271867912,0.07823928893821624,0.07714249674440166,17
8,5,0.039796440734152345,0.09117471453225602,0.0837768972948821,17
8,5,0.03863478305856607,0.09254320379629416,0.08510316603887771,18
8,5,0.017675177254355315,0.036750687918955964,0.02995592236767734,18
8,5,0.04945415882690627,0.09114528639155811,0.0918282198775447,18
8,5,0.038595881540783125,0.08403799455035799,0.08062876072204875,18
8,5,0.042537315552764646,0.09152056779072273,0.08800184845947709,18
8,5,0.0375426271501826,0.1037237728613394,0.08798353985616501,18
8,5,0.03315175010665471,0.07564619508567419,0.06461916962090564,18
8,5,0.041896067074773044,0.09944024861599038,0.09016189533120088,18
8,5,0.0343730530266506,0.08898724928212527,0.07756270122152166,19
8,5,0.04041864768724309,0.09956420620577336,0.08941359698142054,19
8,5,0.0312143791512027,0.08925212319764325,0.07422519157076446,19
8,5,0.03420224668502429,0.09731552366036052,0.08285526683505963,19
8,5,0.03371227722846975,0.06573373709255984,0.0583350023043048,19
8,5,0.03458202468942304,0.10582033527915188,0.09368706713563696,19
8,5,0.030993405112295085,0.06982215277544972,0.05451178406222061,19
8,5,0.032415166479934886,0.08466462676837411,0.06963379066326632,19
14,3,0.009527869698226436,0.05463485896404763,0.017631580195034045,0
14,3,0.008037229598603462,0.02777686774059241,0.012072070770289116,0
14,3,0.009837556801781187,0.03965769782196118,0.0188411527360455,0
14,3,0.008783978196664816,0.03420963060653809,0.013134192498291192,0
14,3,0.00959499456551938,0.06146852337741788,0.01688849704804791,0
14,3,0.008127214900462195,0.03424246803335724,0.011893130365117988,0
14,3,0.006578783112334478,0.02152238275706444,0.01089832816484812,0
14,3,0.012064794229204555,0.04828479028887891,0.0262993213801585,0
14,3,0.012945384141339548,0.04157119236026466,0.033251647337267994,1
14,3,0.013908981542457267,0.0441812424470853,0.03524469902535912,1
14,3,0.014150343967026935,0.03680837684906585,0.03454971290070209,1
14,3,0.012926126757422298,0.05920931558374543,0.04087261343916429,1
14,3,0.012302739021156313,0.03720320519979749,0.03571699689098452,1
14,3,0.014022375038048046,0.037815820652705494,0.034375415195505396,1
14,3,0.012650628051405424,0.049679071401841905,0.032805693404050845,1
14,3,0.012084557709172638,0.08821825878424396,0.03578065771876872,1
14,3,0.011921008693789089,0.03382252677519308,0.029497596538362966,2
14,3,0.012286717993316933,0.033452099141782606,0.029215235452426623,2
14,3,0.011211484977595769,0.037130474503898656,0.025937885788935376,2
14,3,0.013455456249132075,0.03718701021882459,0.0301982534244377,2
14,3,0.010196350796498848,0.02656097155565524,0.024198646661859904,2
14,3,0.011218206174372905,0.03127384635809967,0.025006653697314498,2
14,3,0.008541341692787365,0.026288591791863984,0.019189329888812105,2
14,3,0.008815100940767522,0.034527098653076495,0.02065392128373947,2
14,3,0.005981887415150381,0.1015851395431253,0.012633402807772408,3
14,3,0.008928370885368941,0.03865100707860381,0.015021709888520923,3
14,3,0.007332382106464361,0.10879243593488859,0.011698981242449256,3
14,3,0.006354956002046495,0.100528917789936,0.008901354031599161,3
14,3,0.006287735381799196,0.04220264342595383,0.010560869268417821,3
14,3,0.006767426443748616,0.07750202131843449,0.010115224941517719,3
14,3,0.006306664343006778,0.09170139117399323,0.008618892054324163,3
14,3,0.006506387258821002,0.12548968295835256,0.011374243144567987,3
14,3,0.009757276427636206,0.03852937446587979,0.022583378594273316,4
14,3,0.012387836649475799,0.0571315891884915,0.022465307720054346,4
14,3,0.008481697941926393,0.07334356559090857,0.016504728790238433,4
14,3,0.007171382265345034,0.05840324732644921,0.016739848602218478,4
14,3,0.014421806932273176,0.048847451566056084,0.029691442119400814,4
14,3,0.008654557462111563,0.06288741073525264,0.018209445773252956,4
14,3,0.008054338561487878,0.11080579872374546,0.0110485445896912,4
14,3,0.007913542117838518,0.03500533459020404,0.018409677909272833,4
14,3,0.009362754949386388,0.02053418139206599,0.01979861104378317,5
14,3,0.01059532321163012,0.048148666787387336,0.02910203891440333,5
14,3,0.009522398308117975,0.05833484485817846,0.01836569080124071,5
14,3,0.007326905197771142,0.07384635703203021,0.014103150918184683,5
14,3,0.011491705519849437,0.05000751677310721,0.03384127290605256,5
14,3,0.008597927691002476,0.04482470318010186,0.018522502487053158,5
14,3,0.009889638673115536,0.05883886538006986,0.029246255520219845,5
14,3,0.007536350189627682,0.048404989012127815,0.018330393472682577,5
14,3,0.006903032281291921,0.02917764758436752,0.018592951170754223,6
14,3,0.00724184835874407,0.028793650641484436,0.01929276485221042,6
14,3,0.011078934279769003,0.0363933503222784,0.026637515568446415,6
14,3,0.006812101418385681,0.03831253364926229,0.015773585850046012,6
14,3,0.0070292360400037585,0.13864765209097932,0.01534485071004051,6
14,3,0.00788467323455041,0.04562379935943725,0.019997541300057525,6
14,3,0.008669935620307082,0.030529320040864713,0.01947256562759043,6
14,3,0.00737246219812582,0.03844590287067834,0.01847116093525074,6
14,3,0.009144663378291756,0.06757408750383041,0.01735753299527096,7
14,3,0.009207919673558251,0.03371721597794821,0.027693853578861078,7
14,3,0.009225878317418784,0.11574619889457916,0.017600605537576922,7
14,3,0.008457751685310266,0.02877980055026618,0.02636210860246418,7
14,3,0.008846689707231034,0.044869944317020405,0.022969921264799967,7
14,3,0.009217887157312537,0.08736926374252584,0.01930825199957966,7
14,3,0.008881208108986283,0.055770177370466745,0.020195908148411785,7
14,3,0.009450129821679946,0.09018519050621604,0.017845441973591246,7
14,3,0.010043314616053544,0.0445821123269624,0.024868835152119968,8
14,3,0.009666875453090763,0.02849760070315411,0.026784221396174382,8
14,3,0.010835037845529567,0.04788990745883582,0.03067328228478857,8
14,3,0.010978863583880158,0.036142425962943515,0.02499168622650995,8
14,3,0.008062764830535472,0.06926670040284696,0.0253873242275027,8
14,3,0.01148216288425386,0.1233427455069994,0.023612733724518224,8
14,3,0.00979831642092124,0.0519037093357874,0.029651623491720843,8
14,3,0.012952632274163121,0.027641844501447046,0.028469725936034977,8
14,3,0.013725729598791815,0.04955885481316522,0.027940729874017134,9
14,3,0.013742609728129502,0.03558822673288543,0.033431908591079876,9
14,3,0.015702471819993145,0.051002017861552465,0.03155147557484487,9
14,3,0.015057661457624516,0.05092438121930522,0.0328668085650265,9
14,3,0.008612824300537952,0.06662824836125175,0.01923587651733845,9
14,3,0.010737755701591028,0.051224358877408324,0.02306306453808032,9
14,3,0.012111814638276068,0.032391450398402626,0.0299043510243882,9
14,3,0.010699584164808896,0.04199558175154696,0.02377622835849599,9
14,3,0.005563673711707682,0.12447959581953327,0.009811959957017604,10
14,3,0.005619137716260574,0.08288932097869225,0.011739879223650865,10
14,3,0.006359852806476907,0.04048147387599527,0.01310373425536518,10
14,3,0.007666270749140578,0.03978666429951719,0.01459504017994094,10
14,3,0.005546453610902584,0.09855680936903294,0.012095770787221063,10
14,3,0.007678844656678658,0.06430324114335174,0.01723226727102374,10
14,3,0.005393922711609162,0.09258306220237264,0.011207017196088662,10
14,3,0.006813565315335553,0.060842510369208284,0.01318958326077446,10
14,3,0.0110502033426783,0.027996467869042724,0.024703091207180665,11
14,3,0.011332512018175924,0.032208285291961056,0.027103281110280906,11
14,3,0.010242330511644335,0.05545848542665106,0.023214178413200122,11
14,3,0.011618610169432447,0.026640485912820627,0.02297544705463578,11
14,3,0.011800023802528268,0.03639970378554148,0.02724864607498752,11
14,3,0.011906872471682994,0.03799677580081546,0.022837190768641238,11
14,3,0.010439875635273151,0.036846529649587886,0.024261363097537365,11
14,3,0.010244017767160822,0.045239261737732066,0.02162029563348428,11
14,3,0.009027170409138434,0.055478789023733675,0.013272034752366026,12
14,3,0.012276740020284364,0.06219995310902017,0.023278386488200124,12
14,3,0.009053918645079019,0.07032986945492672,0.011953514119338801,12
14,3,0.01039346489356989,0.05576944998070913,0.01516669612370629,12
14,3,0.009375903174845247,0.06797496814515211,0.01365092360757868,12
14,3,0.007853000386468892,0.05597334898849491,0.011031776427230383,12
14,3,0.010996174485881518,0.05397834042466851,0.019429266367816642,12
14,3,0.009946557932808874,0.058408196500267476,0.019242065108591562,12
14,3,0.009546467157560766,0.05292733769951125,0.017350464913918485,13
14,3,0.008726758872761293,0.05636159225689239,0.013881827203318306,13
14,3,0.01133433012139145,0.04233026146923476,0.020068466641329406,13
14,3,0.010112286072007407,0.04869811676483113,0.016243942367491656,13
14,3,0.010561816419357207,0.0387297939153659,0.018845165766744415,13
14,3,0.008889170571260863,0.0689682851928714,0.014121515449272246,13
14,3,0.012886654260530999,0.029550170369486258,0.02135062690366104,13
14,3,0.009396025834536543,0.04218065935866711,0.015011012717062316,13
14,3,0.008753958425147064,0.05220138814100055,0.013933172273340731,14
14,3,0.007730278039884245,0.04775520734984238,0.019693478028789055,14
14,3,0.008259911926536334,0.03304946755649278,0.01891823296934531,14
14,3,0.009778026048598808,0.05410806762621419,0.021573123405537836,14
14,3,0.009283538376057958,0.04446352398287102,0.021509222457292223,14
14,3,0.009278919375348617,0.04176196000618072,0.018190998957553578,14
14,3,0.009061265266287147,0.033285667305316964,0.02075984154510394,14
14,3,0.006069575056333699,0.030614764960320485,0.01329589563866642,14
14,3,0.010493379561602175,0.03807466887519113,0.015657153957283117,15
14,3,0.011026779968966007,0.045056997509926575,0.022980072539513934,15
14,3,0.009552323464023437,0.044758824656431,0.014843907692442662,15
14,3,0.010178428139821432,0.041606445833838934,0.020937192561046074,15
14,3,0.009875766795146474,0.03390594559120955,0.013028331516032492,15
14,3,0.00819914540236162,0.04615131625491049,0.01519450762230241,15
14,3,0.00950563663409003,0.05204727345903019,0.02860059423223049,15
14,3,0.008829658683679131,0.03751374664116431,0.01404939808230383,15
14,3,0.010725518964360293,0.04120053855990679,0.027186737583977178,16
14,3,0.018385961990831853,0.048327078042531585,0.04020787708864111,16
14,3,0.011838567822016395,0.047278120881100553,0.021606932728965546,16
14,3,0.012878948904676757,0.032033602962104446,0.028832127307029876,16
14,3,0.008798343900572351,0.04232273031847409,0.021059146754521106,16
14,3,0.011600830319016752,0.031155515037339446,0.027591056764615134,16
14,3,0.016594062440594814,0.03847251376498371,0.03611176710955506,16
14,3,0.009915837451379153,0.036057979140059,0.024025264796401245,16
14,3,0.0061703446099168205,0.053547699526179465,0.010103554767794308,17
14,3,0.005068555092529051,0.019274842420925958,0.009332564590260382,17
14,3,0.00556967706917688,0.04117375352847458,0.012262018618975298,17
14,3,0.006096532170067872,0.025287144353575958,0.01057387576827877,17
14,3,0.006449443769299169,0.019524313931684842,0.012310408403359653,17
14,3,0.004991370518675073,0.11085791439771261,0.009106053793436339,17
14,3,0.0052592366563905465,0.0978948702021238,0.010742946092736058,17
14,3,0.00571283959627339,0.02660564982404945,0.009316060559204078,17
14,3,0.006507521892853226,0.022035523335312477,0.010811845153215675,18
14,3,0.0071213561532440005,0.024117028605243753,0.013352923014885852,18
14,3,0.007506176932618923,0.047980752404009876,0.014981986948103309,18
14,3,0.006709294148647199,0.023659671426999197,0.014257192446493138,18
14,3,0.006830895087820546,0.03629262735039203,0.011284914169892267,18
14,3,0.010015394236268236,0.04264279118244391,0.023965663015427602,18
14,3,0.0074663576884226425,0.03651462265735105,0.016157633647639974,18
14,3,0.00848519880372554,0.063754547364456,0.019552485470574563,18
14,3,0.0129535148113225,0.04096375684459556,0.029613977744085404,19
14,3,0.014243780362283843,0.04161047609269077,0.02702388607948573,19
14,3,0.013785957930292756,0.0348314902530125,0.02657251478528116,19
14,3,0.01404786723202012,0.034357319578304214,0.026047067738126498,19
14,3,0.015414492254944295,0.036112287776395365,0.02691287730581154,19
14,3,0.012468888660693834,0.03016215683960333,0.030720809680624832,19
14,3,0.01518224150574711,0.04859738888159071,0.024793216702683404,19
14,3,0.013049150363200354,0.04844434683239146,0.022474208323568747,19
14,4,0.019959993319690006,0.04354802943186379,0.044514890357926995,0
14,4,0.019107816648191073,0.05104003871297657,0.04628835882387714,0
14,4,0.022974899945023605,0.05308518029287318,0.05025887945711337,0
14,4,0.01985963640258926,0.054099580909663644,0.04847547496080474,0
14,4,0.01603346749633199,0.04909550979553652,0.042342506243605665,0
14,4,0.020502569140834946,0.06270319679328434,0.04571933383458982,0
14,4,0.015125703743043818,0.056571239882477926,0.03329811352338538,0
14,4,0.019004504468485006,0.05694364535724065,0.035623870698544884,0
14,4,0.01633738353500454,0.05547198706106986,0.029340723700716973,1
14,4,0.015555492823049872,0.06007245789859943,0.034269434971317375,1
14,4,0.014531037587563043,0.054271051193092626,0.03301871102712555,1
14,4,0.015263677517380544,0.05164962681920743,0.03037491467863918,1
14,4,0.018612335350868203,0.055641948582016036,0.03277686398730836,1
14,4,0.01927708507155049,0.06081820200274307,0.03524594374040322,1
14,4,0.016046840539127034,0.051097149158036835,0.031238553136487643,1
14,4,0.017248330965612714,0.05433225194960451,0.03362586047030929,1
14,4,0.012392362817343886,0.045352517491784,0.036722165353196494,2
14,4,0.017416272680439805,0.10480365208846348,0.02867095328799239,2
14,4,0.011514188832308798,0.05859389904794469,0.025490206220602336,2
14,4,0.010758818648755022,0.0604934505584152,0.02755233524085611,2
14,4,0.01532619877217364,0.07686488088819876,0.028247079681947472,2
14,4,0.016879930520546794,0.09759498974854385,0.03153663246911638,2
14,4,0.0137683583711714,0.06441698478103905,0.026300706726333962,2
14,4,0.015467819117917442,0.0958120165501857,0.0276657013455723,2
14,4,0.014748508475659802,0.05640787740460348,0.028664754933484426,3
14,4,0.01610945672988098,0.06968207540461409,0.031885659861891,3
14,4,0.02041552719728449,0.05083204906518114,0.041225162440157025,3
14,4,0.015797240053007332,0.050314320994157634,0.031118464464414606,3
14,4,0.018673244566467007,0.05617539403444838,0.03864102375851051,3
14,4,0.014753483226902755,0.09625847452596395,0.038411257677966694,3
14,4,0.01152011243670426,0.06079478787303626,0.032114140939858905,3
14,4,0.018446607395506978,0.0661040731684711,0.03480007333892667,3
14,4,0.015364506483425291,0.1429247482448413,0.03358515387885489,4
14,4,0.014396520837160387,0.06874022027987964,0.032893549831374665,4
14,4,0.015718019662934565,0.06727267285858321,0.033428680128162955,4
14,4,0.015555233020217465,0.10113979569170835,0.03082633028696213,4
14,4,0.015421821084363381,0.05131871517719618,0.039517502132720476,4
14,4,0.014931663997962382,0.04160723736870236,0.032549150473726036,4
14,4,0.016493401108147773,0.09374861516289368,0.039386279797575204,4
14,4,0.01551742671095648,0.07699719254546464,0.03492375056927711,4
14,4,0.02021314878499292,0.03950420509887435,0.033214247160394096,5
14,4,0.020000488621458676,0.04127593550632591,0.037524890768042336,5
14,4,0.020711797350085204,0.0571109892089208,0.04210851668925091,5
14,4,0.022133116349351896,0.045287436076107926,0.038826250176266106,5
14,4,0.020158377271144383,0.0485049739708267,0.03752891050994184,5
14,4,0.02088939901889312,0.05693249449945122,0.044018426526721194,5
14,4,0.020368137602296443,0.044454000340815016,0.036797917232840836,5
14,4,0.02209087306532868,0.06380054755567537,0.047673629800592726,5
14,4,0.011666928254215381,0.05779600123398499,0.019934858873948826,6
14,4,0.015916978954818146,0.03852873209676766,0.026081368519481514,6
14,4,0.01157796338151081,0.024684207752835325,0.017033554342076426,6
14,4,0.017832629525946057,0.08104170965943325,0.03845227291490549,6
14,4,0.01751200184509366,0.04920463706230156,0.03696316976726728,6
14,4,0.013084688804291332,0.05637191943098398,0.027338625887504294,6
14,4,0.011660430899037405,0.10713294094690279,0.02116243970982046,6
14,4,0.013717481178109371,0.07617800744023687,0.03154980677922578,6
14,4,0.018726033824048458,0.047429788910368975,0.033706863126341156,7
14,4,0.01252828691675757,0.06946530051784269,0.03671694376453362,7
14,4,0.014788880764965531,0.08010686684617992,0.02945992310115019,7
14,4,0.013821335316587994,0.06287089979308601,0.03567854784079646,7
14,4,0.016198068984050937,0.0753052541427413,0.03384000099793245,7
14,4,0.017317988942163864,0.09315011851876298,0.043502367279548766,7
14,4,0.019702884373264156,0.05012980042570969,0.04190370164806525,7
14,4,0.017453485183243207,0.04648632754073472,0.03785281277481316,7
14,4,0.016838278075192902,0.09297360252692978,0.032578026483741945,8
14,4,0.015443391946274717,0.08200842030156262,0.037978198716827394,8
14,4,0.015774639524744886,0.05684210680296894,0.04044205133006982,8
14,4,0.01427241547577857,0.03845277781689346,0.03192676084697457,8
14,4,0.016598532849292774,0.06819536388020804,0.03815545218244928,8
14,4,0.01527174669427206,0.05809858060222734,0.035120403985236325,8
14,4,0.01641709023669406,0.04841208805575263,0.03562126388014056,8
14,4,0.014813297738760537,0.07686846349033169,0.030399799271419177,8
14,4,0.01273783443643807,0.06552525672042335,0.021471083646703186,9
14,4,0.018135953196525136,0.0640386564226814,0.03846128290767449,9
14,4,0.01325419314479715,0.07002658990169806,0.022007557297988208,9
14,4,0.011907456657331065,0.051393312302342654,0.019873584759667034,9
14,4,0.012633951054842815,0.08163160650663957,0.023246104073692164,9
14,4,0.011123208664807692,0.1008473242377579,0.022681510188850743,9
14,4,0.012208958413574392,0.06472586406318272,0.02240555799745719,9
14,4,0.014140256086714716,0.044053990074164516,0.029948515601801153,9
14,4,0.020104001362768877,0.07293977620325359,0.04233763669440253,10
14,4,0.016241952848372886,0.03467673740724717,0.033724599252147734,10
14,4,0.01514795380961593,0.07378226655728976,0.028708911240992584,10
14,4,0.020732271167379312,0.07370873817850065,0.04405409697208404,10
14,4,0.019304891999655037,0.053675886192360515,0.03507751389845272,10
14,4,0.021762638854510852,0.07238735494973618,0.04772530057937772,10
14,4,0.01897112024915081,0.044828794484502256,0.0420851471835254,10
14,4,0.014672827520872043,0.04570306566156892,0.028333067016800082,10
14,4,0.013237530278508058,0.0727054464279706,0.02746544146110281,11
14,4,0.011117717478635838,0.06586518990512794,0.02496935153395531,11
14,4,0.012459951945705516,0.07456574751745622,0.02722872619772059,11
14,4,0.011963969789103362,0.05643453472278903,0.02972121523298655,11
14,4,0.014337215446505,0.056765366548885296,0.030106916920714225,11
14,4,0.013558337484991911,0.06467080061241189,0.02634267821656334,11
14,4,0.010878341631532722,0.06588998916326151,0.02366449886963244,11
14,4,0.012217908282845948,0.07425033134316318,0.02604979912714162,11
14,4,0.013283421421432158,0.07970951095244644,0.027500787752596432,12
14,4,0.013180253282846405,0.0765208025833171,0.02874860869395631,12
14,4,0.012035791731508438,0.12117857896819437,0.024042742739087946,12
14,4,0.013125871064231921,0.06257245975800603,0.026588902245478694,12
14,4,0.006913735003816393,0.05714029746609151,0.012535200365665503,12
14,4,0.017552732932333382,0.05742520449706229,0.0403976806196288,12
14,4,0.012791531779549017,0.07465112044529372,0.029971655323171635,12
14,4,0.0075515173167377695,0.07494710117779291,0.014280121408844087,12
14,4,0.01519422920545748,0.0772547626241978,0.035901034130566084,13
14,4,0.02083459346739485,0.05914099783485467,0.057219285570620726,13
14,4,0.014510645023058556,0.09285497368831772,0.03108722113049189,13
14,4,0.017368846087199248,0.06793899357399759,0.03867535595655304,13
14,4,0.01746542371129322,0.08585613459783309,0.03688504416987219,13
14,4,0.013815954746180222,0.09761453052839093,0.030456671792758707,13
14,4,0.01831400945606388,0.06117647285755811,0.03894984082923757,13
14,4,0.014653488219844203,0.0927464774955348,0.02923216871026152,13
14,4,0.014926814237855824,0.10252950143331267,0.034805582080635014,14
14,4,0.016398090402348072,0.047300590486898886,0.03324249706585995,14
14,4,0.01858605974019918,0.046460490831932634,0.03895611180955804,14
14,4,0.014939442291371273,0.051274571898104325,0.03131459586823115,14
14,4,0.01774435252133435,0.05509092340969978,0.03483389607743671,14
14,4,0.016938551475987707,0.08678817869221526,0.03898694200594044,14
14,4,0.01205345320779947,0.060165807121476074,0.02368761722206956,14
14,4,0.01964973263451433,0.06735873772587894,0.040519863360818614,14
14,4,0.011335876419933277,0.07310657905978203,0.029497194944641307,15
14,4,0.029990685556322866,0.07419509479464023,0.05816147266291456,15
14,4,0.012435498621293143,0.08133145207324932,0.03300153972318811,15
14,4,0.023705873120010903,0.07892623431576475,0.051241314458557105,15
14,4,0.018697741931860048,0.07294000914705763,0.04305557118986595,15
14,4,0.018144398571693452,0.07141036115303472,0.04046096558124581,15
14,4,0.012849673968409399,0.06477604755247399,0.029653018303939845,15
14,4,0.01941205882067123,0.08080953054019047,0.04306320538632159,15
14,4,0.015019079758872145,0.034454909566910046,0.03414004542572741,16
14,4,0.009709387317484466,0.06512839471984781,0.01580337741763321,16
14,4,0.010966657764843147,0.07630840735778828,0.01929360627600669,16
14,4,0.01295288673927904,0.04488421945650298,0.02364248905419907,16
14,4,0.010643942668244458,0.046860561480302605,0.01855805434814019,16
14,4,0.008899021900575056,0.048476668693897544,0.01934508666581745,16
14,4,0.012602346008816144,0.06073032970815674,0.02361077074974247,16
14,4,0.015861072366878587,0.04901585595251386,0.032540676360788494,16
14,4,0.011839679428491953,0.05324800037243014,0.030264722913608644,17
14,4,0.013850879287866547,0.0894275908993082,0.03456675231303097,17
14,4,0.01173319579976451,0.06437994326657487,0.027953663900447928,17
14,4,0.012449330123833134,0.06829020178965609,0.02329785558804559,17
14,4,0.011373952539412877,0.03748411429142263,0.0220398220333189,17
14,4,0.015954718525805264,0.049064605388036184,0.03634770318245428,17
14,4,0.01191153866419982,0.04365810399795652,0.02876740968968571,17
14,4,0.014187817048248574,0.039592093622276996,0.03000370346147558,17
14,4,0.015004576725160264,0.0786054481317777,0.03189705451690726,18
14,4,0.014884623669258771,0.10042926765405037,0.02808210334077295,18
14,4,0.014498888894755367,0.09522130694644534,0.029818595285424784,18
14,4,0.017655671754720877,0.04472427617854613,0.040798829070460015,18
14,4,0.01517738782494491,0.12480996654966996,0.027050326977241308,18
14,4,0.014062269316122247,0.1308635766269899,0.02556942458026053,18
14,4,0.016191747462474284,0.08119712110205997,0.0327882964511834,18
14,4,0.014487884757635261,0.10585125755361853,0.028354479432095857,18
14,4,0.015325918034822956,0.056445295676448924,0.02904848145403132,19
14,4,0.013600949895827873,0.054310260720649726,0.020167357477112294,19
14,4,0.01664425498776287,0.05023178550587806,0.03321900702507395,19
14,4,0.010695440655449771,0.0649098307266814,0.019196743167506265,19
14,4,0.01238557948600092,0.042553236773692035,0.025580628430975534,19
14,4,0.013962506607046463,0.04429105263809644,0.033212259609488204,19
14,4,0.011599117205032854,0.06491256551463656,0.020990768264473186,19
14,4,0.01577805828134709,0.05153964259927564,0.030356988483106483,19
14,5,0.024058308750263407,0.06080465919678364,0.04545039671277781,0
14,5,0.014965106620349255,0.09093710238893157,0.030334358309975305,0
14,5,0.02136382102639645,0.08722309297106189,0.05143680275474504,0
14,5,0.022405027197781806,0.07579366979148333,0.05193969886785842,0
14,5,0.01722242427466559,0.06570648002435042,0.03549759302470198,0
14,5,0.02236145733271929,0.060818336939614116,0.054882386556986094,0
14,5,0.02498620973665436,0.06000954377079503,0.058502147207107544,0
14,5,0.017276966858808456,0.09000761902432726,0.04825938968510563,0
14,5,0.018463680929022664,0.07068354786851876,0.041323574718328045,1
14,5,0.015471615662872534,0.07794972940771278,0.03739358377736477,1
14,5,0.0171922834001995,0.07269375347117629,0.036819223151165904,1
14,5,0.01932166303967163,0.07804909144195181,0.047265370577791406,1
14,5,0.018269383169345798,0.07609641547432609,0.046247409192533034,1
14,5,0.020095534146961642,0.08342633925326214,0.046833291896724936,1
14,5,0.018806251075844244,0.0639015602777623,0.04185953917286617,1
14,5,0.015766737166515114,0.058960573515924625,0.03907651345990696,1
14,5,0.015528628195325031,0.07955677342899539,0.039810788781290754,2
14,5,0.013678222172998047,0.08218095422224272,0.03131522465738221,2
14,5,0.018874803587299604,0.06302066705467647,0.042620993333321665,2
14,5,0.015944052948841533,0.05675225772579411,0.04058953214180937,2
14,5,0.017411664579460293,0.058527127330815276,0.03578375779489812,2
14,5,0.01980875041800772,0.0585142081964189,0.047796156437017324,2
14,5,0.017811174616715338,0.06664323992346374,0.0367227217216045,2
14,5,0.018851518897151774,0.06428220141023296,0.04141809382254756,2
14,5,0.016873919558521383,0.05179419444246015,0.03786368776699562,3
14,5,0.02037745741653339,0.05859563401564638,0.04679207460488192,3
14,5,0.01777291947745311,0.0600939268510487,0.04202573463760415,3
14,5,0.02092744466851053,0.05760596155915129,0.04234066992009724,3
14,5,0.01972530518246005,0.08037817756329371,0.03870759459935497,3
14,5,0.019737555413540844,0.06553544959921279,0.04215087404988767,3
14,5,0.01904197204225059,0.059682525092472474,0.04205419689163324,3
14,5,0.01815786366198965,0.0660961522967911,0.04409951372465372,3
14,5,0.018117139039145046,0.06807536664909744,0.04438197047677835,4
14,5,0.0192315442199682,0.05258359904909163,0.041610275350134285,4
14,5,0.019129205859578887,0.07505605552613624,0.04214514425462364,4
14,5,0.017676812071107082,0.052489319353892915,0.04340061058029201,4
14,5,0.0180181649349569,0.07297397194760633,0.03893831079503385,4
14,5,0.018179524547988685,0.07284608523132645,0.03985300707393355,4
14,5,0.017533937337015467,0.057589234232216,0.04143835227164412,4
14,5,0.02251964378217197,0.08468485528581524,0.041620496514843355,4
14,5,0.01412203462920102,0.0734191080695789,0.03405045411674491,5
14,5,0.015087249358250707,0.05629874619743973,0.0328673165537981,5
14,5,0.014572905705906521,0.05837283089395735,0.03535422976154621,5
14,5,0.015192018767922925,0.04255259487104714,0.03655138774343715,5
14,5,0.013158546210920982,0.05646522713075971,0.024377684120019588,5
14,5,0.011479730904758094,0.04005182867279597,0.030949920106855256,5
14,5,0.01957595298459117,0.09560117341150288,0.037654929507038075,5
14,5,0.013838924312053231,0.04954830089544267,0.037655053466207164,5
14,5,0.01895204632259016,0.06294554038828225,0.03925600389082924,6
14,5,0.01236214748204315,0.06192958663417307,0.025573320371363336,6
14,5,0.011675522736996883,0.09389872826909026,0.02757366865931808,6
14,5,0.016934876654780395,0.04934489408282343,0.03543858101652944,6
14,5,0.017920112448914314,0.07145182007720438,0.04297465377174893,6
14,5,0.020637858816533232,0.060455113528600626,0.049316125721368516,6
14,5,0.019272093145449247,0.06637299095084008,0.04340097401537336,6
14,5,0.0172949751622668,0.06522536683577938,0.0405488250409921,6
14,5,0.02056169046215665,0.06734089747567043,0.03933155748996238,7
14,5,0.01649293775627186,0.08178612863710372,0.034528036448532064,7
14,5,0.020287023042828464,0.05050553446098154,0.04844527429838518,7
14,5,0.016820098327525887,0.05719355769784873,0.03525910443424891,7
14,5,0.02168053052924524,0.05088800455864596,0.04870778519761108,7
14,5,0.0185437200554741,0.06923166791497234,0.03984363401537027,7
14,5,0.018640210835204184,0.0835328469360654,0.04269650490095716,7
14,5,0.018618960180938803,0.05689612000919546,0.04508831838347456,7
14,5,0.024119922116981843,0.07169069932005787,0.0533575159089911,8
14,5,0.019171925330613324,0.07133292447540261,0.0395992222999841,8
14,5,0.02024700822880341,0.0710110172750412,0.03642749329445868,8
14,5,0.022105746126286015,0.06887584754877094,0.03711893796568076,8
14,5,0.021475612903651138,0.09143119525795182,0.04353247824311384,8
14,5,0.02320092243816465,0.07127181532232635,0.057794523567267664,8
14,5,0.016703164418311843,0.0876754627195567,0.03810710841338849,8
14,5,0.019101419567857835,0.10019080236959306,0.03886371115464239,8
14,5,0.017542625047241207,0.07410267775817533,0.04299358108310963,9
14,5,0.015739571585352937,0.07185364801476334,0.03704291116029643,9
14,5,0.017597171869004953,0.08758751981240029,0.044907679828867605,9
14,5,0.014403243634258336,0.07780547714733974,0.03552917030540648,9
14,5,0.02058625204926661,0.06242538876704261,0.04207103410171524,9
14,5,0.021504189100644108,0.04706109062749997,0.04261631184906739,9
14,5,0.01737465153896604,0.051676248779130796,0.041353143941940756,9
14,5,0.01493236283813484,0.09037695567527353,0.0360253168116489,9
14,5,0.017219559934189426,0.0796376312017407,0.04686825289474842,10
14,5,0.013646192373310552,0.06206739038116709,0.029760154972571562,10
14,5,0.014936198615133518,0.08157419569416961,0.032175949345204964,10
14,5,0.018721698434614086,0.09201391718311558,0.040626216710820756,10
14,5,0.01619691373494651,0.0681088516039283,0.04369779793844444,10
14,5,0.014109542733064442,0.07090284852106515,0.02804386147248058,10
14,5,0.014959088918890456,0.05887856747577613,0.032845247267711125,10
14,5,0.014739339169391423,0.09029778745571745,0.03085473987932152,10
14,5,0.01709475473266222,0.04932037497525691,0.0398508833115022,11
14,5,0.016565770329853267,0.06316583361764762,0.03257175184516599,11
14,5,0.017809253812003954,0.05284511248354991,0.03716085742063876,11
14,5,0.019659230753346805,0.06433768146661896,0.03699919213079612,11
14,5,0.021475315521792666,0.05338996640256998,0.04226125432345071,11
14,5,0.018868383752437407,0.05746328405023203,0.03895444258232545,11
14,5,0.020054268440393402,0.049093571643061246,0.040167205220024815,11
14,5,0.01783445114962564,0.06796361069308628,0.04543352012718618,11
14,5,0.02278850485609123,0.07097021848851341,0.050353828902384136,12
14,5,0.012574612331725294,0.10342225391933545,0.028392589485883503,12
14,5,0.019885679041148446,0.05881358140731651,0.04270448323766903,12
14,5,0.01863244607977961,0.0876701133173695,0.045002733377430146,12
14,5,0.020071711066267296,0.06163073502961247,0.044072616040000484,12
14,5,0.01984166802857433,0.053650133704030024,0.04174821441237558,12
14,5,0.021175412356481675,0.05260522112360032,0.04293034685725827,12
14,5,0.021138722437036298,0.07926925373977038,0.05417730481434098,12
14,5,0.021335820416025747,0.069612722596207,0.05123431191849467,13
14,5,0.022842945048096388,0.05232834024612359,0.05037259737410263,13
14,5,0.020527947324846137,0.07742833577717413,0.052786462545225316,13
14,5,0.01617511706590338,0.0976636676121393,0.03720270368970353,13
14,5,0.017585590317977382,0.0628779854983826,0.0372123290879679,13
14,5,0.021704637725320657,0.07911989773619903,0.04942424782850967,13
14,5,0.02171801938886817,0.09258395829784433,0.04538415035190434,13
14,5,0.01743598347597864,0.08997448962790099,0.04178503270259787,13
14,5,0.015903552890363253,0.06540316240683987,0.033534461109387154,14
14,5,0.016780825489290316,0.07223245076951354,0.03452255198246051,14
14,5,0.013555926192737232,0.06542038036312058,0.030918144390938478,14
14,5,0.018154963329038577,0.11155302094411447,0.050845650011136244,14
14,5,0.016465253769078137,0.055542392754192774,0.040267246664100254,14
14,5,0.016471138997170766,0.11275174464099708,0.0430416166646297,14
14,5,0.011554419807069633,0.09124862778854437,0.03481297725483533,14
14,5,0.016068758455889065,0.09487661132702152,0.03285884817564628,14
14,5,0.01912256664370098,0.0569647543343278,0.04349226633484438,15
14,5,0.019486926452847494,0.06148874279573924,0.03966716846277126,15
14,5,0.018368524074401253,0.08731831411927127,0.03701082979613412,15
14,5,0.01896630729051213,0.05486286065524739,0.04262865186960579,15
14,5,0.018722892970102024,0.07088074553127258,0.04293756392023299,15
14,5,0.02161489665812476,0.060892829610875145,0.044567374469840944,15
14,5,0.019229261020718393,0.06468832236650483,0.04545943075878052,15
14,5,0.02194845533694247,0.07265323903455569,0.04699280363061248,15
14,5,0.020474116764037792,0.08276538490744799,0.04356008700275918,16
14,5,0.023766488296359436,0.07407103215345824,0.04827381263682045,16
14,5,0.020214660933145123,0.06398627215544447,0.037424061385105845,16
14,5,0.01807997236967914,0.05851022419148848,0.0362665794353712,16
14,5,0.015525543514929909,0.08141516207569112,0.034805758125420125,16
14,5,0.02564999594691051,0.0759157492266575,0.05902182897736525,16
14,5,0.01776435627243014,0.06607083018034393,0.03345455837416394,16
14,5,0.01975649687598687,0.07858162119561467,0.035720126573131346,16
14,5,0.02391540046352032,0.0775997356035152,0.051852818765195166,17
14,5,0.023809639247662443,0.06671258515664534,0.05574850895500093,17
14,5,0.02509714305032111,0.12134595085174438,0.059842137110664516,17
14,5,0.02047235792010777,0.06753634565690429,0.041074728775817824,17
14,5,0.023505521622251477,0.06743041464262638,0.060739838529269514,17
14,5,0.02244944482784227,0.057178411868413846,0.0477141302736639,17
14,5,0.01893247533716947,0.061060736222611045,0.04479468950271963,17
14,5,0.022917387244331844,0.056533153001209244,0.05504799664524712,17
14,5,0.02107235497825096,0.0633172615927201,0.043536091361346355,18
14,5,0.020927599074408384,0.06145169887631674,0.052855933061386036,18
14,5,0.01943287739522378,0.0554749985014568,0.03835014051769105,18
14,5,0.021824471041385112,0.05508768715745113,0.052626769689171064,18
14,5,0.021487364184057476,0.06339741618666807,0.04064848581449803,18
14,5,0.020383242506513324,0.10196486569703146,0.03528195001629729,18
14,5,0.018357589560499432,0.0899540515970368,0.03143009339375286,18
14,5,0.020536950425049386,0.05998781906440337,0.041267790760900126,18
14,5,0.0165983906997662,0.0648755921025178,0.03801007820256025,19
14,5,0.015287073551488251,0.07460841503516132,0.03851841187966124,19
14,5,0.013078845832890956,0.06356494889109755,0.028988635148597786,19
14,5,0.016391734817220144,0.04485445344414186,0.0405387214934471,19
14,5,0.01604466943219691,0.08541218547626636,0.032985219354360024,19
14,5,0.017474174615508157,0.05879108964980906,0.042983831019439686,19
14,5,0.01717033814101744,0.09760460445447007,0.035685054193384184,19
14,5,0.014738391632576607,0.0590373363398927,0.03687877008816862,19
20,3,0.008573387533892628,0.0714424945090387,0.01671363266400728,0
20,3,0.0063914160456729026,0.056535725013887636,0.01387731589013527,0
20,3,0.006634950313725459,0.042179134198056224,0.015376354199082676,0
20,3,0.007703613773499795,0.04764426739497556,0.01817397971015266,0
20,3,0.007869099202580613,0.03321856004430829,0.019270466341369814,0
20,3,0.008414575486200107,0.041634366375315895,0.019838174485103152,0
20,3,0.007977931694516764,0.0909275326641231,0.019873952995567542,0
20,3,0.005958860635337124,0.03537497284991486,0.013211427924926552,0
20,3,0.008753704337531242,0.018507508348788223,0.016216713856683353,1
20,3,0.005366680001902726,0.024287206886964056,0.009390365886540793,1
20,3,0.006993814294646871,0.0292937245864707,0.016016826334747557,1
20,3,0.005198045503307274,0.05610858253323183,0.012493869300023526,1
20,3,0.007076110706989727,0.028062895002647945,0.019466938158363225,1
20,3,0.006686649307892604,0.01071325657744917,0.01089185437353898,1
20,3,0.007393183572120706,0.011521855938089538,0.010647355649767964,1
20,3,0.007145871798366688,0.015075100435101312,0.014677242089051168,1
20,3,0.006557553514322616,0.053249289326752235,0.010821309232052876,2
20,3,0.011741339551040866,0.030344061057397557,0.03036903879590562,2
20,3,0.008310512859749286,0.054854932621258685,0.01362274174989757,2
20,3,0.011614298183806155,0.0518012552159951,0.020591773325707594,2
20,3,0.009530795274493466,0.054705118126798444,0.02439469304953957,2
20,3,0.010919388907901662,0.027170707534123123,0.023620504411335102,2
20,3,0.008257585990575316,0.08764481355750522,0.022807975935038458,2
20,3,0.009829815838296336,0.03403055962872189,0.026188965625417778,2
20,3,0.01080141116900501,0.08718323187488322,0.030514420202945605,3
20,3,0.010000189537274088,0.04672550826423272,0.024002687204354584,3
20,3,0.010221916807680266,0.09456410585785746,0.02762639324102678,3
20,3,0.010567259484000526,0.08641387107123648,0.0323408516925277,3
20,3,0.011667302274610164,0.09008801174894084,0.030967019114973713,3
20,3,0.01306002985223774,0.05413407446599026,0.03677472257942905,3
20,3,0.005391741223556254,0.08986890922976247,0.010189517924926552,3
20,3,0.017087727806713734,0.0690714256946038,0.0367311118087129,3
20,3,0.009026079099575897,0.028272873462563176,0.01373810271037086,4
20,3,0.008246631328744394,0.04545299624542947,0.014549079309736547,4
20,3,0.00921736909725451,0.053818847930585244,0.02670948049239748,4
20,3,0.0070491685314162415,0.031280655500689494,0.014075383906202532,4
20,3,0.009057379340196188,0.03811273965312622,0.01596602989493596,4
20,3,0.008931849037107323,0.047650580280490344,0.015553334259446716,4
20,3,0.008083060802995173,0.03229058863932456,0.01440554043369233,4
20,3,0.0064702138665323925,0.02150450598671108,0.015081677681200164,4
20,3,0.005886535350975838,0.025156227101275536,0.013003267339585399,5
20,3,0.006833516869091404,0.07263207948984077,0.011479165102617612,5
20,3,0.007076393893093159,0.07690364333391704,0.011592539524108696,5
20,3,0.007011824327621155,0.04390899906112032,0.017820347884008818,5
20,3,0.006574674830315375,0.06585960603049057,0.010977707980669191,5
20,3,0.0056628612532152395,0.025404351758947976,0.012555266132061564,5
20,3,0.006238616820907565,0.08986619639139448,0.00871406982558933,5
20,3,0.007468861153617885,0.04322538394317062,0.015229265224765243,5
20,3,0.00694943523345376,0.021098295981453855,0.021476670750469926,6
20,3,0.005351906604466158,0.052260433295008554,0.011880568153332483,6
20,3,0.007044790495483122,0.043673068261340466,0.01572647563439659,6
20,3,0.006983332244523874,0.042930974600244275,0.0152073237249347,6
20,3,0.007845678605542366,0.09658960645947934,0.01590660493606656,6
20,3,0.007461271012944391,0.029686019531984575,0.0200974594806816,6
20,3,0.01235275805598456,0.08234198297838283,0.024460763186859528,6
20,3,0.007697857046453256,0.04398465057696924,0.020944006800939278,6
20,3,0.006819287759748363,0.025100543891741656,0.013299599841366527,7
20,3,0.0072395380302997785,0.029083595350272846,0.016738014338187918,7
20,3,0.006081605150054729,0.05282760316577576,0.011912470747179663,7
20,3,0.005201456165522103,0.04313735416809802,0.010288811194920684,7
20,3,0.005748463684989662,0.03403130328080532,0.013198971331605877,7
20,3,0.006380050615989375,0.06141963039053936,0.014533704909974543,7
20,3,0.0071054372405380435,0.05382967291617026,0.014833038663446917,7
20,3,0.006384071044517553,0.06316644469910343,0.014045489268631719,7
20,3,0.007351106374651373,0.127762904166756,0.014462429115225247,8
20,3,0.006002302802650499,0.13136296708582496,0.013446800905634266,8
20,3,0.00658610147611923,0.11658882674122881,0.013740665955473847,8
20,3,0.006323467352895859,0.12889793226695348,0.014246306210860912,8
20,3,0.005300993415690607,0.08841090265368251,0.013710321561454363,8
20,3,0.00739626202844473,0.04751042240351651,0.014652788965371278,8
20,3,0.005985053120849679,0.04451049737074857,0.01485777978331382,8
20,3,0.006320254296439524,0.13222130013609226,0.012389374250967674,8
20,3,0.007664038819391244,0.10440669783872623,0.018571121987314067,9
20,3,0.008725016551783423,0.07279604196198704,0.017981097004137005,9
20,3,0.006765587272039697,0.11071756029450502,0.018283691374796344,9
20,3,0.005723068481856534,0.054113470047293354,0.0169837125841589,9
20,3,0.007004790534541397,0.10071822812088822,0.02147709569081969,9
20,3,0.00580015028501032,0.04844853649307381,0.016220252610157596,9
20,3,0.00760209201697619,0.13167384355297504,0.01538726885615486,9
20,3,0.0077923572279005645,0.0788409027213226,0.02091682875827717,9
20,3,0.006544199566033568,0.03471990656491868,0.0205107585148541,10
20,3,0.0052848809471247385,0.032615346714650814,0.011700792489127318,10
20,3,0.006796111515418022,0.03939410570467406,0.016831788501550142,10
20,3,0.005644764483005119,0.03522259045578058,0.010985596924968297,10
20,3,0.0069327794980279574,0.0786095299967207,0.013442994138093184,10
20,3,0.007810249053436312,0.05572924657866953,0.01643499639005045,10
20,3,0.0073966747169501605,0.02787843322025165,0.01686908086403672,10
20,3,0.0073048656453747534,0.09612288488688779,0.014755153206847033,10
20,3,0.008516539787836893,0.03504571469634103,0.013249483211781788,11
20,3,0.00758536992428865,0.04128853130029114,0.012765398510891032,11
20,3,0.00827556372980036,0.04502323881449716,0.013754998543154307,11
20,3,0.007651006085509559,0.037265483809794435,0.014050193218949176,11
20,3,0.007025999147465103,0.08936620145227596,0.013723679820242037,11
20,3,0.006515086773005089,0.02995136362396123,0.01328301721571915,11
20,3,0.008800471885762178,0.06635579112765111,0.02061758099979673,11
20,3,0.006801531509989012,0.019915872393786314,0.015636392920261824,11
20,3,0.004747964621740571,0.038428435196342675,0.018206453481841786,12
20,3,0.004487496341385836,0.05431905891889286,0.009260390586454685,12
20,3,0.005145205094663359,0.06084844226671721,0.017437309356263468,12
20,3,0.005169939348424536,0.06604785148553086,0.012518512753190448,12
20,3,0.006272482770740003,0.04585977181912064,0.01979305489668305,12
20,3,0.005025192607465482,0.04936673866678005,0.01644215803128371,12
20,3,0.007005701746511894,0.039438181119569815,0.013538821378876853,12
20,3,0.005903707437634064,0.04584961049619141,0.019192146474349216,12
20,3,0.008386446334833562,0.06204744863334972,0.01697392708725109,13
20,3,0.006186331140476398,0.03807221866691833,0.012999070152391155,13
20,3,0.008119011982493828,0.10569581373262071,0.016906383124935954,13
20,3,0.005305840590466147,0.030992163364871227,0.010028021618676858,13
20,3,0.006398979848447623,0.0391935606619076,0.010921758791486987,13
20,3,0.00733174451125233,0.0446665818571101,0.01221646130256506,13
20,3,0.007528240756699558,0.04737962773253525,0.013269337337050382,13
20,3,0.0051918795918327945,0.036324751959697345,0.008180194789791545,13
20,3,0.007380282041144289,0.07293897527454425,0.014075615425031383,14
20,3,0.00783926658175173,0.05818803481982199,0.018194501710705975,14
20,3,0.0076440385164693245,0.0538389207966099,0.015975133652086845,14
20,3,0.007226963195552262,0.07861007366743782,0.013998511850487902,14
20,3,0.006173637567508587,0.0844569410247058,0.014071633154536694,14
20,3,0.0061211453726081775,0.10293343396055811,0.011482199748248049,14
20,3,0.007011410042808555,0.07600804921174943,0.01251536270483064,14
20,3,0.007356873775321851,0.043508919214342794,0.015511757994669919,14
20,3,0.00386999809495401,0.02400496349020981,0.007019073413999815,15
20,3,0.005428122014681064,0.03127842522425966,0.010984715633623259,15
20,3,0.004795475204914821,0.041014816798635514,0.010070717760610881,15
20,3,0.00696803989643085,0.06318273659980056,0.013572153418788051,15
20,3,0.006131556926980741,0.06657775989652279,0.012583890083456839,15
20,3,0.004596051578589216,0.05071723513308561,0.01006658811508712,15
20,3,0.006960250066704354,0.030482188304030104,0.01645218652395871,15
20,3,0.003999310714734859,0.06707310507253005,0.00919761058791704,15
20,3,0.010708892366794174,0.024998379174094466,0.019967303671451893,16
20,3,0.00961133580881043,0.0247186428087947,0.019336437128545558,16
20,3,0.009699037224477812,0.027575085163232965,0.01496183114525067,16
20,3,0.010038302223261564,0.026229224104071826,0.01739873436645836,16
20,3,0.010585012589103214,0.06538128554661018,0.025692358006393395,16
20,3,0.009809796035970339,0.032178325372996,0.015485069766768044,16
20,3,0.00781177654283338,0.042037330292183726,0.014600111110198662,16
20,3,0.010739668549163826,0.03071624174196822,0.022999095036261137,16
20,3,0.007589177190246394,0.13456771583991867,0.012312214802470585,17
20,3,0.003872260405689406,0.08749466217048872,0.009575497820434396,17
20,3,0.0057914756177326705,0.0846832064999514,0.011732709743366872,17
20,3,0.008682342480475587,0.12983386582805595,0.013955763506570655,17
20,3,0.0061722054661594306,0.08661957634143434,0.012648760963136534,17
20,3,0.0034833022712637755,0.0765453763062059,0.0089576470120315,17
20,3,0.008871248524401175,0.08147119608902645,0.015089883186326727,17
20,3,0.009302894677142542,0.04776585675290201,0.01478145757859277,17
20,3,0.011038494679561396,0.03714763635123292,0.02149048623320943,18
20,3,0.010181549032843136,0.034898776962401075,0.0221349204862578,18
20,3,0.008879240912096228,0.06974667683475998,0.020531722360336235,18
20,3,0.011117579149097268,0.05252357566543128,0.02584201486343033,18
20,3,0.0103283048613161,0.03946536268617046,0.02613865459285695,18
20,3,0.008893131351465298,0.024800577455921295,0.0212521869954055,18
20,3,0.009931739137496719,0.08955877619229123,0.024600864959428894,18
20,3,0.012507786111411517,0.058322225380730654,0.029141908091808385,18
20,3,0.009666004864203026,0.0482054517599929,0.0264582678634483,19
20,3,0.01060843273106938,0.0511236347580306,0.027608817965200278,19
20,3,0.007387494108684314,0.09341013436664758,0.013540338693354156,19
20,3,0.008719106420772822,0.08428631679386009,0.01786858433974382,19
20,3,0.010525752699966539,0.04085263037609296,0.023496735161185653,19
20,3,0.009543547222524828,0.049317396892739,0.025752424813990586,19
20,3,0.00906707602952317,0.06366779450978895,0.015803229506936547,19
20,3,0.011504965845374934,0.049821998549562235,0.032093738963422436,19
20,4,0.010222477378661646,0.07472614216983867,0.018303731654061718,0
20,4,0.01502306388516465,0.06942597012687075,0.028008179186927502,0
20,4,0.009892726529112904,0.04251272620466496,0.02368348832190834,0
20,4,0.010230742909088333,0.059344601905933866,0.017153056904393837,0
20,4,0.010744355105503355,0.081737369681239,0.01624626190016417,0
20,4,0.01060218436117858,0.07146932432508007,0.021629705999041262,0
20,4,0.009415968395216384,0.02319617189078796,0.022784599819494402,0
20,4,0.010297166409878072,0.125666873097338,0.01910224056573582,0
20,4,0.01050332412711802,0.09273758574695014,0.02216936861903606,1
20,4,0.010691113607411908,0.08237532742538231,0.02364746138454303,1
20,4,0.01143329406532656,0.10512414061701286,0.019627971200503722,1
20,4,0.009696681097733636,0.07773828360200752,0.023352972901765447,1
20,4,0.009036474905465094,0.08538051513511251,0.020497466296474948,1
20,4,0.010126408338193721,0.05101507396646587,0.021298300778424616,1
20,4,0.010372324833326379,0.06475471129269487,0.02088042081849449,1
20,4,0.01161254677327474,0.09671648656029218,0.020280104942878407,1
20,4,0.014104363461981774,0.0655234135226796,0.030191228751918,2
20,4,0.012408281253266536,0.04238742823044343,0.03438335514264252,2
20,4,0.012243016993130112,0.05068481662980189,0.03171695576397112,2
20,4,0.010952628174152643,0.0758945161643208,0.017878512404303187,2
20,4,0.011942150908290173,0.0878861364928363,0.03477885791750874,2
20,4,0.01101525732079789,0.08822875901620726,0.022258496995678893,2
20,4,0.013925897365933318,0.06872125747450089,0.028505362129791396,2
20,4,0.01072708116257714,0.07860010069849077,0.026242869348167844,2
20,4,0.009289204967538841,0.06379655667661485,0.020897635167458885,3
20,4,0.008428631469944072,0.06611895479000804,0.017608884943323917,3
20,4,0.013460049934355128,0.07657369093919486,0.02675012707847633,3
20,4,0.0072812502498631766,0.0865769699865623,0.013963647698631992,3
20,4,0.006352424890706322,0.06912790334306632,0.015026531761098687,3
20,4,0.009081423197547792,0.07633310972616987,0.017679503676955942,3
20,4,0.014820481914411824,0.0413101234514052,0.03659211981192922,3
20,4,0.011405039299214569,0.09245390676619207,0.029629758850556864,3
20,4,0.011928386625137849,0.03949563245608512,0.0252646306655556,4
20,4,0.013143894711918971,0.07238538166786813,0.02415368861652285,4
20,4,0.012195413019484133,0.043123605839017504,0.027129480911684763,4
20,4,0.015517775622603716,0.07441724200838729,0.028549214709637317,4
20,4,0.010094148960994958,0.055983478835669925,0.024107138713971542,4
20,4,0.010172597824519212,0.07366773553749112,0.022664175161567754,4
20,4,0.012055100346014608,0.07611713024114712,0.025121207569593313,4
20,4,0.011211157172130677,0.06621354395533148,0.02698397270254657,4
20,4,0.01084584880543155,0.07222684276462323,0.02363007855534642,5
20,4,0.010484059193436077,0.055384321653319156,0.02345834412030571,5
20,4,0.009624185429137545,0.06119451663313098,0.02239557367462111,5
20,4,0.008950871396878364,0.054900696853620194,0.023758661340260164,5
20,4,0.012890824448417663,0.08568736994904237,0.03030499514398559,5
20,4,0.0119942273071207,0.11421595948006899,0.02785535670700781,5
20,4,0.009590163605671798,0.04574709568847128,0.023202304425529133,5
20,4,0.011032969402331113,0.06212859658998168,0.02542861475732272,5
20,4,0.010610528027139556,0.03915466585909267,0.02147174885272458,6
20,4,0.018018754871635952,0.04534948053517233,0.030971196762039344,6
20,4,0.009785775499007075,0.07243634265543296,0.021661834988392418,6
20,4,0.010783648579808593,0.04300872617585729,0.023598057546288857,6
20,4,0.010724820655056116,0.0536345758615052,0.02388867768868957,6
20,4,0.009550974992877834,0.041134132474399926,0.021490579969704625,6
20,4,0.009446096052202094,0.05825849138583525,0.019416432174435314,6
20,4,0.01468634500386389,0.05405949516309606,0.035095643949954146,6
20,4,0.012248256615797835,0.07004268242380997,0.02876242934681913,7
20,4,0.012218048132986522,0.044818737821534414,0.025067161056086595,7
20,4,0.01571827494263571,0.06314801337803574,0.028165016402174302,7
20,4,0.015298447843813002,0.05628885173929746,0.0266405078975499,7
20,4,0.010294761741400711,0.06985467995178553,0.02534809512442996,7
20,4,0.009554317682795337,0.060655734959577885,0.022555517217099773,7
20,4,0.010414925276438636,0.10164298419500452,0.024981272977743826,7
20,4,0.011164234347555634,0.08540945192937845,0.025946581574212244,7
20,4,0.013876241068980616,0.05390346888212036,0.032533665988395896,8
20,4,0.013625834978002025,0.043231521579271,0.03273478120631579,8
20,4,0.013211963579303529,0.03964253635162945,0.03574460079042528,8
20,4,0.011526623511815649,0.0677143004504064,0.025367443679117287,8
20,4,0.01204340659925176,0.03644958567566228,0.030275668319191873,8
20,4,0.013341019778754888,0.07731716960192651,0.025080848544858078,8
20,4,0.010521592417028883,0.04363070318886553,0.023562689588975012,8
20,4,0.01303091131096733,0.05761438151547655,0.03255555112548079,8
20,4,0.011520820577145718,0.0912815432743076,0.02558291291504426,9
20,4,0.012488865097117479,0.07403111570331856,0.02650634820630122,9
20,4,0.011541096292178137,0.07560269322015097,0.024603441778085034,9
20,4,0.014774304767230814,0.08234008598828829,0.03021158807888295,9
20,4,0.011116145544739582,0.060803317308000315,0.02455956539566995,9
20,4,0.013288101900762066,0.08609773859505318,0.025123756631283176,9
20,4,0.012040915999946234,0.079063697304829,0.025944791144017286,9
20,4,0.013688073287393153,0.10863635267370525,0.02664071523590709,9
20,4,0.008566770573913151,0.11307482267503069,0.014682460840200263,10
20,4,0.009851139326769492,0.11028790787484252,0.01684194081682742,10
20,4,0.011443335769287043,0.08402686407913083,0.028450442825660775,10
20,4,0.011668473066139157,0.07122568332960212,0.026165530287994905,10
20,4,0.008817130317855158,0.069218192456393,0.02615838272733045,10
20,4,0.011965723398557036,0.04119794772584755,0.027879127582242577,10
20,4,0.011186124558821155,0.07232653269615652,0.023604960020352516,10
20,4,0.013052969264344964,0.06541623471373982,0.030947454729949742,10
20,4,0.012461045691567373,0.0632829469236607,0.029235818039538366,11
20,4,0.013658745926547013,0.06774746444494453,0.03651692293095229,11
20,4,0.012304178494126551,0.06875916842357843,0.0322832634197826,11
20,4,0.01395448971889613,0.05459531022027471,0.020130919146706044,11
20,4,0.012686290459831192,0.04691770472396761,0.017243675179501455,11
20,4,0.01355342792517057,0.06895658500010118,0.031723145672239876,11
20,4,0.01255336380030474,0.05965698197994538,0.02998838741326265,11
20,4,0.016616208063700913,0.058586599436879494,0.0252333951120439,11
20,4,0.007612322837430322,0.12631706822437594,0.016526383137803587,12
20,4,0.008815691826767285,0.08526039344391526,0.022215591319684706,12
20,4,0.008632362451564277,0.06683858384438364,0.01820656517943596,12
20,4,0.009924809584864086,0.06709450259794773,0.021458912266348443,12
20,4,0.006908138441483488,0.15542306679613374,0.014125238970162296,12
20,4,0.009005150635342926,0.060090425571522645,0.02142689520285512,12
20,4,0.007102400386622634,0.08201174428744493,0.01853523682868006,12
20,4,0.00837611433662613,0.03142053806484474,0.02142987740896743,12
20,4,0.006469833758296095,0.12610592079308136,0.01586241799495569,13
20,4,0.009944233973282094,0.0639311271169593,0.0198714129453335,13
20,4,0.011143200098919665,0.040617571576644904,0.025765573186638028,13
20,4,0.008618200623310882,0.04312799390769061,0.019879937482256586,13
20,4,0.010388573932138403,0.06811943647433827,0.025056855013464597,13
20,4,0.008186094514170225,0.04586218434651463,0.022822807771834427,13
20,4,0.00888271471424929,0.07453376942620367,0.026472748173543163,13
20,4,0.007219062170886976,0.11119732893346937,0.015732848018769768,13
20,4,0.012717457327676,0.0731136902555158,0.02454402119635997,14
20,4,0.013088280373177748,0.046211995438544866,0.030208409152589013,14
20,4,0.01124451413842603,0.08794717309926132,0.03688253676731628,14
20,4,0.012226990151695236,0.07800180045548118,0.029462069843980695,14
20,4,0.013095331318632466,0.03363946453106335,0.03139586874633543,14
20,4,0.013976883096552326,0.05248291286863689,0.03034123598592059,14
20,4,0.014634843234431824,0.08579352312193601,0.03475124541446047,14
20,4,0.014450027988065346,0.06214307462476893,0.02914348888460173,14
20,4,0.008512423779744585,0.07222060072412663,0.016709334935300177,15
20,4,0.009679441302541333,0.030821713134471962,0.02442380100576891,15
20,4,0.008715341920894988,0.07294850722613044,0.02036195342485244,15
20,4,0.013417351681752593,0.06147275007049336,0.03282260147592717,15
20,4,0.011614310551192318,0.11587847808069021,0.02789349440360542,15
20,4,0.011870296715043098,0.09450277355594662,0.0268700486495566,15
20,4,0.011057990197091607,0.045164864235732724,0.026273406064265033,15
20,4,0.012422109711318264,0.03109384284071617,0.029282676466303618,15
20,4,0.010604672788523435,0.07624549994962898,0.02345046246437276,16
20,4,0.010640680158478246,0.07403707022322387,0.02268493099062229,16
20,4,0.009897246397262902,0.05896094644885245,0.027673863183328058,16
20,4,0.009978527042896956,0.05042849178947153,0.022924196699390047,16
20,4,0.009808537666134185,0.07040948790298662,0.01712412396748708,16
20,4,0.010153756069898495,0.07187871811219151,0.019833352563170897,16
20,4,0.011879873121787581,0.07255730685711724,0.026293265532601275,16
20,4,0.010571582043552252,0.08055132423659395,0.020252742983108495,16
20,4,0.011890399295492836,0.037413152606226976,0.0233170534142919,17
20,4,0.01259154849348555,0.05587394460544771,0.024797440291254816,17
20,4,0.011046329971352497,0.030727572462650225,0.021698824044130323,17
20,4,0.013134381874991495,0.05298532823357949,0.031003237223111813,17
20,4,0.010001840247167427,0.06433559901407045,0.020439118585511434,17
20,4,0.009968864555393106,0.05989302793361749,0.018792890848893202,17
20,4,0.007122390761497395,0.05157396683237741,0.021378893222350173,17
20,4,0.007129195491816839,0.08625322395395928,0.01677617261219685,17
20,4,0.009929010773536393,0.09798830379121291,0.019881447603151258,18
20,4,0.009695949071200529,0.038727992325884524,0.022887129685302963,18
20,4,0.008454232190044132,0.09319225852172655,0.019288286236131994,18
20,4,0.0062415738732323105,0.03385188803800944,0.010074123125582092,18
20,4,0.007806566474153848,0.052011661772054504,0.02005959307173257,18
20,4,0.009767772888323596,0.08423821754365032,0.02453242159519504,18
20,4,0.009488403263549381,0.05747201830573486,0.022105185250151736,18
20,4,0.00920853213799981,0.042372174915282654,0.022898983300402246,18
20,4,0.013281381797234235,0.07654005672960904,0.02953061242982361,19
20,4,0.012047436138819104,0.09035050355477128,0.023495230899771707,19
20,4,0.00963179027167329,0.08543679423371556,0.02183020643554743,19
20,4,0.012879458239751087,0.0961847727513554,0.02790885036438063,19
20,4,0.012387647595877486,0.05876851962015177,0.0274011633358276,19
20,4,0.011661591681765842,0.0741084649728188,0.022360275467054252,19
20,4,0.0111342836211878,0.12536047900460884,0.020200662914530265,19
20,4,0.01320707686163905,0.0941570520935942,0.024923487809906768,19
20,5,0.012428629391392821,0.05839904902684142,0.032810334278931604,0
20,5,0.011354966976480276,0.1034080605611742,0.021862874407420338,0
20,5,0.012393385828977,0.06463876348478233,0.03050623917466984,0
20,5,0.013545014325005543,0.11716845773840762,0.025767660425048904,0
20,5,0.013215143459799303,0.04933892517813591,0.03267380742595968,0
20,5,0.01404304579273184,0.04221539361168165,0.031315125731897396,0
20,5,0.012189323535801589,0.10282923023390426,0.02836447145470017,0
20,5,0.01315040041211294,0.07587596110326679,0.028707135867832807,0
20,5,0.016035518165337156,0.09057736909045011,0.031462033947797174,1
20,5,0.015006882018446424,0.08966176985464747,0.0315891317613841,1
20,5,0.015281617701989676,0.08748219324424043,0.03701070013525807,1
20,5,0.015463571965521665,0.05432201766381481,0.035741148257240125,1
20,5,0.015873670455058796,0.07289196189092373,0.0345172792072728,1
20,5,0.014826275378364565,0.06379729080963976,0.033404861162336014,1
20,5,0.018193662380597015,0.07067731704798379,0.03951813809553642,1
20,5,0.01589269387602739,0.07511808595614977,0.03526751036719493,1
20,5,0.014976501334438017,0.06674106133533991,0.029219628099634923,2
20,5,0.010937829394204561,0.11625752687426706,0.023266955505157887,2
20,5,0.011979741324251397,0.06600379444954516,0.029971527911094295,2
20,5,0.016101125261163914,0.0711349623001254,0.03596947006948551,2
20,5,0.016592495416952895,0.06320789283917204,0.038252339379236576,2
20,5,0.014920615181673567,0.0858678045762823,0.03846031138715728,2
20,5,0.014690571576026752,0.06660514682621178,0.03178259258736696,2
20,5,0.013013374694580975,0.05989455954915296,0.026556716743391807,2
20,5,0.017364098308410292,0.07890707762861485,0.03877727879193761,3
20,5,0.013519151793323825,0.045352254709990374,0.033358207986331906,3
20,5,0.010805937829615643,0.0749297450345832,0.02407361929393281,3
20,5,0.013376317713607385,0.05891899604176378,0.035756215885203106,3
20,5,0.011809513168951439,0.08275330941405422,0.02392036926362569,3
20,5,0.016879644825794963,0.08107718270646369,0.039249990935346944,3
20,5,0.01666637242232141,0.08826384908036282,0.035962329985539936,3
20,5,0.011866868068464298,0.08000450387225791,0.028476590033353403,3
20,5,0.014552047218170024,0.06585156796093038,0.03324884264830867,4
20,5,0.013365158507937533,0.044057711947015625,0.03278623039020891,4
20,5,0.011291559741870202,0.06972775887493174,0.02555901513656594,4
20,5,0.012829866621132776,0.06945684264169943,0.026733332329317353,4
20,5,0.012278738668155098,0.08800403744218166,0.02749086243396889,4
20,5,0.010918522695526341,0.109394070388808,0.019944257074728005,4
20,5,0.014878236969641268,0.06518442437089278,0.036898208177793365,4
20,5,0.0146332466641199,0.07984827746489213,0.030381099262211442,4
20,5,0.01296291196823809,0.06096921346256632,0.03487168901869481,5
20,5,0.009568169571363028,0.10977611099226085,0.02461019638162756,5
20,5,0.012499358432279806,0.11173208625954005,0.024986408723922576,5
20,5,0.01354210334424605,0.08422241739350994,0.033959121839496,5
20,5,0.018684805105270517,0.06333111614774274,0.041091976630691716,5
20,5,0.012145673295711753,0.10471862669326121,0.023446847009894634,5
20,5,0.014146958710683858,0.05419894279610494,0.0364354909779896,5
20,5,0.013514797954925214,0.050393141426897554,0.03739062801171557,5
20,5,0.014396078705071534,0.08730939840805822,0.03278083794785589,6
20,5,0.015419355339245055,0.06574546465427253,0.030016898279083423,6
20,5,0.019164503030159683,0.060621647157758696,0.037758158384046635,6
20,5,0.017485481979132488,0.09427871244224414,0.03822507558436637,6
20,5,0.016420190978782907,0.06939608681645454,0.04092696865069142,6
20,5,0.016228487153339036,0.07671256577799752,0.02866604545561376,6
20,5,0.017071305964554074,0.06611557993994752,0.03772450858858745,6
20,5,0.013104940365698927,0.05540968788357384,0.028624931127349082,6
20,5,0.01523908025031717,0.0765055714968284,0.03125604442750972,7
20,5,0.01177594446878187,0.06917294208601078,0.02544479796761299,7
20,5,0.01451485971579849,0.07894802363005822,0.03493565203725284,7
20,5,0.011668304647313742,0.056862624424944545,0.027127123806184244,7
20,5,0.015398231405303926,0.05036224349435755,0.040138433114483965,7
20,5,0.014424502758858003,0.06451057708692944,0.035364101975449945,7
20,5,0.019942539885102722,0.06782905335571349,0.042728823072136816,7
20,5,0.015558624503001509,0.07483617180754053,0.03572123119013025,7
20,5,0.013365357735031598,0.07511172387601328,0.025567888855406604,8
20,5,0.011388171742083092,0.03809431484928841,0.02565623628370025,8
20,5,0.011906578663791197,0.04585290729537521,0.027277505892037635,8
20,5,0.01246257090691345,0.09062899819743252,0.02417556925706798,8
20,5,0.011978180029720082,0.1309191031407832,0.02867269281311182,8
20,5,0.01030185283851227,0.0793539762812163,0.02158971161385211,8
20,5,0.01137679962662518,0.07157128664534795,0.027582847072735492,8
20,5,0.01201284456896334,0.04811726270269705,0.02641661219474876,8
20,5,0.010960364489163968,0.08815339521205064,0.02381853835298576,9
20,5,0.013589847750048975,0.04736761840348862,0.030884072601946415,9
20,5,0.014023090020457835,0.0732239344196699,0.028651337907272874,9
20,5,0.012557790882058975,0.0837959548150224,0.03225535772512997,9
20,5,0.014269297202020463,0.04775058155096162,0.033081296549801804,9
20,5,0.012488639070973364,0.08941497551555401,0.028443427357759763,9
20,5,0.01098228679409032,0.05796442102079152,0.029449795323764745,9
20,5,0.009044086736627011,0.07181612872089202,0.02140561327460207,9
20,5,0.01420743757920371,0.05410461933494874,0.035576800189617654,10
20,5,0.013029029326377081,0.053533814907565626,0.03458025417633629,10
20,5,0.011159912740444639,0.07209408691969965,0.02205733286084321,10
20,5,0.0121352087531037,0.10502987215581258,0.02349659544971869,10
20,5,0.013347167127568959,0.0692853995086414,0.030175466436148518,10
20,5,0.01284474766030174,0.09824460346989558,0.025746139322703122,10
20,5,0.015965859287083717,0.07767416810331249,0.030797928138928687,10
20,5,0.010453364640151867,0.10061466961742573,0.024234639222030535,10
20,5,0.01775648238954552,0.04776663258322856,0.04180925356961612,11
20,5,0.016158618541728807,0.06538967554728592,0.03861699366463298,11
20,5,0.016272165279639084,0.07087304457138588,0.03834643760075928,11
20,5,0.018465503021875402,0.049347680009229705,0.04188260675757616,11
20,5,0.013235404921383542,0.05882254421064278,0.03179158042477473,11
20,5,0.013974699205372854,0.1041542888592915,0.03098941223480232,11
20,5,0.014026105385406457,0.08129353952228528,0.035838120030396846,11
20,5,0.0160074224381347,0.08564951300046872,0.02956641435237653,11
20,5,0.011274429333277495,0.07576853938926993,0.023867668909680617,12
20,5,0.0112827498113032,0.08890027084259465,0.02180897360492597,12
20,5,0.012122941098749557,0.06252178337073482,0.023806428786443234,12
20,5,0.010236381123568363,0.06944305659390981,0.021555264007265026,12
20,5,0.010886633449878877,0.0888207625039711,0.020306454705095133,12
20,5,0.013015218248133656,0.05648542911577289,0.0275194331211544,12
20,5,0.013349920527009347,0.08533643955165197,0.027162995130161287,12
20,5,0.01180268767863535,0.12094400804892878,0.02587036878409833,12
20,5,0.013719271724954931,0.09443850640337784,0.027366911514974477,13
20,5,0.01432343534958476,0.060358182921632815,0.03533394662004249,13
20,5,0.01676702933994289,0.08093242375882945,0.03964369503943452,13
20,5,0.01417430922439895,0.058068500565617166,0.029984823749156463,13
20,5,0.016180541283184854,0.06873889093352646,0.03800012518427592,13
20,5,0.015128001535044707,0.07443375604708051,0.03246438709861365,13
20,5,0.016324849953305704,0.06806399233044849,0.03252740624987665,13
20,5,0.01567959389820691,0.055736659111880096,0.03543250735580967,13
20,5,0.015121904303612984,0.05671351594297302,0.03453044046031052,14
20,5,0.014076807099158834,0.058305469571654556,0.027718455655011753,14
20,5,0.01221155844862577,0.06435440726997099,0.023176303172259324,14
20,5,0.017162094150867772,0.07402393580859444,0.03859535363176212,14
20,5,0.01676554468614024,0.06843440600411325,0.03442624264515099,14
20,5,0.017646335629629906,0.05890454406857918,0.040540634424956375,14
20,5,0.015313001443831119,0.04985049260820677,0.03487867412009678,14
20,5,0.01382003900887756,0.06295080449936133,0.027505890043474288,14
20,5,0.013533311478360366,0.08314710799223511,0.0350069212777967,15
20,5,0.012261131787708567,0.08973761919016797,0.02403354830316998,15
20,5,0.013401985968293076,0.06390651068644723,0.03140709968960475,15
20,5,0.012987582261066189,0.060802262354027366,0.030376633702905356,15
20,5,0.011324526253305198,0.08829907517376448,0.02298306275722325,15
20,5,0.011623023896930412,0.050979209906367846,0.0289328234036952,15
20,5,0.015598807391294536,0.10726327478849444,0.032851665651251354,15
20,5,0.013516486493564376,0.041730880291188245,0.032515892451996924,15
20,5,0.013831420875391662,0.06078052082718152,0.022159797016116183,16
20,5,0.016892319300040367,0.0650950421435579,0.030641328648895502,16
20,5,0.013944651425813864,0.049087261434462084,0.029534965502238976,16
20,5,0.0208792420764574,0.04498642516078417,0.042336381785586144,16
20,5,0.01733642304064482,0.06995927198952316,0.035618426564860556,16
20,5,0.01683577532160379,0.08781353583202489,0.030775521533603228,16
20,5,0.015308420131767277,0.05750182737082926,0.033457749935855485,16
20,5,0.01696927307908323,0.05383573483788108,0.03274534466916522,16
20,5,0.016064264117549326,0.052401896735676516,0.03613118465973421,17
20,5,0.011253653922470654,0.09888658048038548,0.026856021748769155,17
20,5,0.013814945154694563,0.07448534444751359,0.027153764374572915,17
20,5,0.014129431746414305,0.03712707039435922,0.03225293972053899,17
20,5,0.015233077224417723,0.087500996364892,0.03439130173895018,17
20,5,0.010737374425172135,0.06889725558365728,0.024127953463192988,17
20,5,0.016803363289247943,0.08091268165590582,0.03246663762573648,17
20,5,0.010429614152819391,0.09483589628508429,0.02398757214323488,17
20,5,0.014518823006704004,0.06292522279285324,0.03578933784468036,18
20,5,0.012811290231067238,0.10065671451811559,0.023461234334680923,18
20,5,0.01365002628051364,0.08562651092685335,0.03544160946181029,18
20,5,0.01235464671171659,0.06296488681708329,0.03030379466083291,18
20,5,0.010566853030268681,0.04270604182093234,0.02415961240005648,18
20,5,0.01249757622477627,0.08256591454895387,0.028125246916544517,18
20,5,0.012762590757262658,0.06682952848995549,0.03423651765901902,18
20,5,0.013283982929498278,0.054600499844539914,0.033948816651050484,18
20,5,0.01180306317028449,0.06990947056372283,0.027576637028548852,19
20,5,0.014722625495296453,0.10368711233360611,0.03673625076609436,19
20,5,0.015929090435799445,0.06562189580684258,0.03168517817908894,19
20,5,0.011461533953584352,0.038754260545732756,0.028959968305183863,19
20,5,0.013826461457791218,0.0724821601478875,0.02981008427236399,19
20,5,0.011193578391257633,0.08262502243580007,0.024655739482049844,19
20,5,0.013525677573944695,0.10970403577137941,0.02975258754203621,19
20,5,0.013055312944973311,0.08194864470033104,0.031208189149534195,19
